2018-11-11 17:32:51.971844|0.0,-0.0|-55.0,-59.5,-25.0,1.0,-55.0,-60.5,-25.0,-1.0,-55.0,-60.0,-25.0,0.0,-55.0,-59.5,-25.0,0.0
2018-11-11 17:32:52.027157|-2.02517800764,-3.76749569023|-55.0,-59.0,-25.0,2.0,-55.0,-61.0,-25.0,-2.0,-55.0,-60.0,-25.0,0.0,-55.0,-59.0,-25.0,0.0
2018-11-11 17:32:52.082267|0.565935223225,-7.70140929781|-55.0,-58.5,-25.0,3.0,-55.0,-61.5,-25.0,-3.0,-55.0,-60.0,-25.0,0.0,-55.0,-58.5,-25.0,0.0
2018-11-11 17:32:52.137255|1.0183241687,2.19941422552|-55.0,-58.0,-25.0,4.0,-55.0,-62.0,-25.0,-4.0,-55.0,-60.0,-25.0,0.0,-55.0,-58.0,-25.0,0.0
2018-11-11 17:32:52.192230|1.17274972848,-5.11731616489|-55.0,-57.5,-25.0,5.0,-55.0,-62.5,-25.0,-5.0,-55.0,-60.0,-25.0,0.0,-55.0,-57.5,-25.0,0.0
2018-11-11 17:32:52.247128|-0.333807617522,-6.00278833559|-55.0,-57.0,-25.0,6.0,-55.0,-63.0,-25.0,-6.0,-55.0,-60.0,-25.0,0.0,-55.0,-57.0,-25.0,0.0
2018-11-11 17:32:52.302135|-2.13098831059,0.588281908155|-55.0,-56.5,-25.0,7.0,-55.0,-63.5,-25.0,-7.0,-55.0,-60.0,-25.0,0.0,-55.0,-56.5,-25.0,0.0
2018-11-11 17:32:52.357385|-2.28230467365,7.70799875431|-55.0,-56.0,-25.0,8.0,-55.0,-64.0,-25.0,-8.0,-55.0,-60.0,-25.0,0.0,-55.0,-56.0,-25.0,0.0
2018-11-11 17:32:52.412630|0.336046742241,-3.72967594838|-55.0,-55.5,-25.0,9.0,-55.0,-64.5,-25.0,-9.0,-55.0,-60.0,-25.0,0.0,-55.0,-55.5,-25.0,0.0
2018-11-11 17:32:52.467629|1.83456020423,-6.91705154954|-55.0,-55.0,-25.0,10.0,-55.0,-65.0,-25.0,-10.0,-55.0,-60.0,-25.0,0.0,-55.0,-55.0,-25.0,0.0
2018-11-11 17:32:52.522883|0.955198656114,-5.39155097294|-55.0,-54.5,-25.0,11.0,-55.0,-65.5,-25.0,-11.0,-55.0,-60.0,-25.0,0.0,-55.0,-54.5,-25.0,0.0
2018-11-11 17:32:52.577888|-0.149926888762,-5.94777462002|-55.0,-54.0,-25.0,12.0,-55.0,-66.0,-25.0,-12.0,-55.0,-60.0,-25.0,0.0,-55.0,-54.0,-25.0,0.0
2018-11-11 17:32:52.632768|0.798342337324,4.36539579088|-55.0,-53.5,-25.0,13.0,-55.0,-66.5,-25.0,-13.0,-55.0,-60.0,-25.0,0.0,-55.0,-53.5,-25.0,0.0
2018-11-11 17:32:52.687881|-4.24519576546,-2.33838049785|-55.0,-53.0,-25.0,14.0,-55.0,-67.0,-25.0,-14.0,-55.0,-60.0,-25.0,0.0,-55.0,-53.0,-25.0,0.0
2018-11-11 17:32:52.743613|-2.66893907477,-3.26897131028|-55.0,-52.5,-25.0,15.0,-55.0,-67.5,-25.0,-15.0,-55.0,-60.0,-25.0,0.0,-55.0,-52.5,-25.0,0.0
2018-11-11 17:32:52.799487|3.9314114233,-3.81799046006|-55.0,-52.0,-25.0,16.0,-55.0,-68.0,-25.0,-16.0,-55.0,-60.0,-25.0,0.0,-55.0,-52.0,-25.0,0.0
2018-11-11 17:32:52.855369|3.09117171481,-1.11972317705|-55.0,-51.5,-25.0,17.0,-55.0,-68.5,-25.0,-17.0,-55.0,-60.0,-25.0,0.0,-55.0,-51.5,-25.0,0.0
2018-11-11 17:32:52.911171|-0.639432456203,-4.93430343722|-55.0,-51.0,-25.0,18.0,-55.0,-69.0,-25.0,-18.0,-55.0,-60.0,-25.0,0.0,-55.0,-51.0,-25.0,0.0
2018-11-11 17:32:52.967268|0.573690826453,-1.9539959444|-55.0,-50.5,-25.0,19.0,-55.0,-69.5,-25.0,-19.0,-55.0,-60.0,-25.0,0.0,-55.0,-50.5,-25.0,0.0
2018-11-11 17:32:53.023237|3.31845044227,-5.32590769276|-55.0,-50.0,-25.0,20.0,-55.0,-70.0,-25.0,-20.0,-55.0,-60.0,-25.0,0.0,-55.0,-50.0,-25.0,0.0
2018-11-11 17:32:53.079037|1.23387637688,3.20950884828|-55.0,-49.5,-25.0,21.0,-55.0,-70.5,-25.0,-21.0,-55.0,-60.0,-25.0,0.0,-55.0,-49.5,-25.0,0.0
2018-11-11 17:32:53.142248|-2.35724190894,-2.93871171209|-55.0,-49.0,-25.0,22.0,-55.0,-71.0,-25.0,-22.0,-55.0,-60.0,-25.0,0.0,-55.0,-49.0,-25.0,0.0
2018-11-11 17:32:53.198158|5.77029407406,-4.12332858956|-55.0,-48.5,-25.0,23.0,-55.0,-71.5,-25.0,-23.0,-55.0,-60.0,-25.0,0.0,-55.0,-48.5,-25.0,0.0
2018-11-11 17:32:53.254048|2.22805373214,2.60486704949|-55.0,-48.0,-25.0,24.0,-55.0,-72.0,-25.0,-24.0,-55.0,-60.0,-25.0,0.0,-55.0,-48.0,-25.0,0.0
2018-11-11 17:32:53.310408|0.741279522112,-4.77924721404|-55.0,-47.5,-25.0,25.0,-55.0,-72.5,-25.0,-25.0,-55.0,-60.0,-25.0,0.0,-55.0,-47.5,-25.0,0.0
2018-11-11 17:32:53.366426|6.6331607459,-1.69331366542|-55.0,-47.0,-25.0,26.0,-55.0,-73.0,-25.0,-26.0,-55.0,-60.0,-25.0,0.0,-55.0,-47.0,-25.0,0.0
2018-11-11 17:32:53.422072|4.41989691235,-6.74558072324|-55.0,-46.5,-25.0,27.0,-55.0,-73.5,-25.0,-27.0,-55.0,-60.0,-25.0,0.0,-55.0,-46.5,-25.0,0.0
2018-11-11 17:32:53.477810|0.308125897862,1.43806490775|-55.0,-46.0,-25.0,28.0,-55.0,-74.0,-25.0,-28.0,-55.0,-60.0,-25.0,0.0,-55.0,-46.0,-25.0,0.0
2018-11-11 17:32:53.533510|6.56618194533,-7.82009158815|-55.0,-45.5,-25.0,29.0,-55.0,-74.5,-25.0,-29.0,-55.0,-60.0,-25.0,0.0,-55.0,-45.5,-25.0,0.0
2018-11-11 17:32:53.589319|3.12430897487,-1.3324980839|-55.0,-45.0,-25.0,30.0,-55.0,-75.0,-25.0,-30.0,-55.0,-60.0,-25.0,0.0,-55.0,-45.0,-25.0,0.0
2018-11-11 17:32:53.645729|6.72236854326,-14.2304626783|-54.5,-46.0,-25.0,29.0,-55.0,-75.0,-24.5,-30.0,-55.5,-60.0,-25.0,0.0,-55.0,-45.5,-25.0,0.0
2018-11-11 17:32:53.701684|-0.36645419689,-5.46106619124|-54.0,-47.0,-25.0,28.0,-55.0,-75.0,-24.0,-30.0,-56.0,-60.0,-25.0,0.0,-55.0,-46.0,-25.0,0.0
2018-11-11 17:32:53.757380|0.0291447715804,-6.30800590601|-53.5,-48.0,-25.0,27.0,-55.0,-75.0,-23.5,-30.0,-56.5,-60.0,-25.0,0.0,-55.0,-46.5,-25.0,0.0
2018-11-11 17:32:53.813082|6.15321165076,-4.95094615855|-53.0,-49.0,-25.0,26.0,-55.0,-75.0,-23.0,-30.0,-57.0,-60.0,-25.0,0.0,-55.0,-47.0,-25.0,0.0
2018-11-11 17:32:53.868847|1.06168435621,-4.78285904212|-52.5,-50.0,-25.0,25.0,-55.0,-75.0,-22.5,-30.0,-57.5,-60.0,-25.0,0.0,-55.0,-47.5,-25.0,0.0
2018-11-11 17:32:53.924712|1.15725463774,-7.95605591603|-52.0,-51.0,-25.0,24.0,-55.0,-75.0,-22.0,-30.0,-58.0,-60.0,-25.0,0.0,-55.0,-48.0,-25.0,0.0
2018-11-11 17:32:53.980425|4.12732967244,-6.63567227626|-51.5,-52.0,-25.0,23.0,-55.0,-75.0,-21.5,-30.0,-58.5,-60.0,-25.0,0.0,-55.0,-48.5,-25.0,0.0
2018-11-11 17:32:54.036273|3.29589397811,-14.0044005025|-51.0,-53.0,-25.0,22.0,-55.0,-75.0,-21.0,-30.0,-59.0,-60.0,-25.0,0.0,-55.0,-49.0,-25.0,0.0
2018-11-11 17:32:54.091985|1.41228386747,-10.6614120719|-50.5,-54.0,-25.0,21.0,-55.0,-75.0,-20.5,-30.0,-59.5,-60.0,-25.0,0.0,-55.0,-49.5,-25.0,0.0
2018-11-11 17:32:54.147739|4.01767495122,-8.39670116696|-50.0,-55.0,-25.0,20.0,-55.0,-75.0,-20.0,-30.0,-60.0,-60.0,-25.0,0.0,-55.0,-50.0,-25.0,0.0
2018-11-11 17:32:54.203467|5.10969915519,0.737647514124|-49.5,-56.0,-25.0,19.0,-55.0,-75.0,-19.5,-30.0,-60.5,-60.0,-25.0,0.0,-55.0,-50.5,-25.0,0.0
2018-11-11 17:32:54.259219|1.57887642956,-4.42149240399|-49.0,-57.0,-25.0,18.0,-55.0,-75.0,-19.0,-30.0,-61.0,-60.0,-25.0,0.0,-55.0,-51.0,-25.0,0.0
2018-11-11 17:32:54.315100|2.23874294196,-7.28479286117|-48.5,-58.0,-25.0,17.0,-55.0,-75.0,-18.5,-30.0,-61.5,-60.0,-25.0,0.0,-55.0,-51.5,-25.0,0.0
2018-11-11 17:32:54.370512|-2.22323277163,-5.42587631645|-48.0,-59.0,-25.0,16.0,-55.0,-75.0,-18.0,-30.0,-62.0,-60.0,-25.0,0.0,-55.0,-52.0,-25.0,0.0
2018-11-11 17:32:54.426305|4.39784517626,-13.0299509565|-47.5,-60.0,-25.0,15.0,-55.0,-75.0,-17.5,-30.0,-62.5,-60.0,-25.0,0.0,-55.0,-52.5,-25.0,0.0
2018-11-11 17:32:54.482009|1.62310570175,4.69820229542|-47.0,-61.0,-25.0,14.0,-55.0,-75.0,-17.0,-30.0,-63.0,-60.0,-25.0,0.0,-55.0,-53.0,-25.0,0.0
2018-11-11 17:32:54.537768|10.1936780417,-21.3431871607|-46.5,-62.0,-25.0,13.0,-55.0,-75.0,-16.5,-30.0,-63.5,-60.0,-25.0,0.0,-55.0,-53.5,-25.0,0.0
2018-11-11 17:32:54.593650|-0.569560919879,-4.23666321343|-46.0,-63.0,-25.0,12.0,-55.0,-75.0,-16.0,-30.0,-64.0,-60.0,-25.0,0.0,-55.0,-54.0,-25.0,0.0
2018-11-11 17:32:54.649434|0.617876640577,-6.32078017156|-45.5,-64.0,-25.0,11.0,-55.0,-75.0,-15.5,-30.0,-64.5,-60.0,-25.0,0.0,-55.0,-54.5,-25.0,0.0
2018-11-11 17:32:54.705358|4.1795696615,-7.85432130728|-45.0,-65.0,-25.0,10.0,-55.0,-75.0,-15.0,-30.0,-65.0,-60.0,-25.0,0.0,-55.0,-55.0,-25.0,0.0
2018-11-11 17:32:54.761060|4.37618355648,-6.3023797615|-44.5,-66.0,-25.0,9.0,-55.0,-75.0,-14.5,-30.0,-65.5,-60.0,-25.0,0.0,-55.0,-55.5,-25.0,0.0
2018-11-11 17:32:54.816782|1.33325579027,-10.0441854168|-44.0,-67.0,-25.0,8.0,-55.0,-75.0,-14.0,-30.0,-66.0,-60.0,-25.0,0.0,-55.0,-56.0,-25.0,0.0
2018-11-11 17:32:54.872473|-6.50697763564,-24.245334394|-43.5,-68.0,-25.0,7.0,-55.0,-75.0,-13.5,-30.0,-66.5,-60.0,-25.0,0.0,-55.0,-56.5,-25.0,0.0
2018-11-11 17:32:54.928220|5.44466491081,-5.70219277599|-43.0,-69.0,-25.0,6.0,-55.0,-75.0,-13.0,-30.0,-67.0,-60.0,-25.0,0.0,-55.0,-57.0,-25.0,0.0
2018-11-11 17:32:54.983953|-0.0461491645964,-3.8949115947|-42.5,-70.0,-25.0,5.0,-55.0,-75.0,-12.5,-30.0,-67.5,-60.0,-25.0,0.0,-55.0,-57.5,-25.0,0.0
2018-11-11 17:32:55.039657|3.11073650599,-8.25710840474|-42.0,-71.0,-25.0,4.0,-55.0,-75.0,-12.0,-30.0,-68.0,-60.0,-25.0,0.0,-55.0,-58.0,-25.0,0.0
2018-11-11 17:32:55.095577|1.77070977685,-2.36123888616|-41.5,-72.0,-25.0,3.0,-55.0,-75.0,-11.5,-30.0,-68.5,-60.0,-25.0,0.0,-55.0,-58.5,-25.0,0.0
2018-11-11 17:32:55.151281|-2.82106066003,-4.51972802895|-41.0,-73.0,-25.0,2.0,-55.0,-75.0,-11.0,-30.0,-69.0,-60.0,-25.0,0.0,-55.0,-59.0,-25.0,0.0
2018-11-11 17:32:55.207038|-10.1967306973,-9.43165787006|-40.5,-74.0,-25.0,1.0,-55.0,-75.0,-10.5,-30.0,-69.5,-60.0,-25.0,0.0,-55.0,-59.5,-25.0,0.0
2018-11-11 17:32:55.262788|0.251356067201,-5.55422042808|-40.0,-75.0,-25.0,0.0,-55.0,-75.0,-10.0,-30.0,-70.0,-60.0,-25.0,0.0,-55.0,-60.0,-25.0,0.0
2018-11-11 17:32:55.319169|4.14213614254,-6.78463862313|-40.25,-74.75,-25.0,0.0,-55.25,-75.0,-10.25,-29.0,-69.75,-60.0,-25.0,0.0,-54.75,-60.0,-25.0,0.0
2018-11-11 17:32:55.374975|-1.02300463832,-4.83000267876|-40.5,-74.5,-25.0,0.0,-55.5,-75.0,-10.5,-28.0,-69.5,-60.0,-25.0,0.0,-54.5,-60.0,-25.0,0.0
2018-11-11 17:32:55.430739|1.57963008622,-12.5603076617|-40.75,-74.25,-25.0,0.0,-55.75,-75.0,-10.75,-27.0,-69.25,-60.0,-25.0,0.0,-54.25,-60.0,-25.0,0.0
2018-11-11 17:32:55.486611|2.86297631598,-10.45377515|-41.0,-74.0,-25.0,0.0,-56.0,-75.0,-11.0,-26.0,-69.0,-60.0,-25.0,0.0,-54.0,-60.0,-25.0,0.0
2018-11-11 17:32:55.542353|-1.06901495415,-9.83440670484|-41.25,-73.75,-25.0,0.0,-56.25,-75.0,-11.25,-25.0,-68.75,-60.0,-25.0,0.0,-53.75,-60.0,-25.0,0.0
2018-11-11 17:32:55.598102|1.0754058999,-6.82189457412|-41.5,-73.5,-25.0,0.0,-56.5,-75.0,-11.5,-24.0,-68.5,-60.0,-25.0,0.0,-53.5,-60.0,-25.0,0.0
2018-11-11 17:32:55.653956|1.34300803459,-9.09175093376|-41.75,-73.25,-25.0,0.0,-56.75,-75.0,-11.75,-23.0,-68.25,-60.0,-25.0,0.0,-53.25,-60.0,-25.0,0.0
2018-11-11 17:32:55.709737|2.15232545275,-11.5263714937|-42.0,-73.0,-25.0,0.0,-57.0,-75.0,-12.0,-22.0,-68.0,-60.0,-25.0,0.0,-53.0,-60.0,-25.0,0.0
2018-11-11 17:32:55.765660|0.988509401248,-14.25329816|-42.25,-72.75,-25.0,0.0,-57.25,-75.0,-12.25,-21.0,-67.75,-60.0,-25.0,0.0,-52.75,-60.0,-25.0,0.0
2018-11-11 17:32:55.821386|2.71839312688,-8.65623329853|-42.5,-72.5,-25.0,0.0,-57.5,-75.0,-12.5,-20.0,-67.5,-60.0,-25.0,0.0,-52.5,-60.0,-25.0,0.0
2018-11-11 17:32:55.877166|-1.55272358643,-11.135578227|-42.75,-72.25,-25.0,0.0,-57.75,-75.0,-12.75,-19.0,-67.25,-60.0,-25.0,0.0,-52.25,-60.0,-25.0,0.0
2018-11-11 17:32:55.932953|4.36745433036,-12.9108101086|-43.0,-72.0,-25.0,0.0,-58.0,-75.0,-13.0,-18.0,-67.0,-60.0,-25.0,0.0,-52.0,-60.0,-25.0,0.0
2018-11-11 17:32:55.988736|-0.820164171434,-5.98202885716|-43.25,-71.75,-25.0,0.0,-58.25,-75.0,-13.25,-17.0,-66.75,-60.0,-25.0,0.0,-51.75,-60.0,-25.0,0.0
2018-11-11 17:32:56.044616|0.609420552451,-9.26856566909|-43.5,-71.5,-25.0,0.0,-58.5,-75.0,-13.5,-16.0,-66.5,-60.0,-25.0,0.0,-51.5,-60.0,-25.0,0.0
2018-11-11 17:32:56.100380|1.41054856058,-18.7463146657|-43.75,-71.25,-25.0,0.0,-58.75,-75.0,-13.75,-15.0,-66.25,-60.0,-25.0,0.0,-51.25,-60.0,-25.0,0.0
2018-11-11 17:32:56.156284|-0.843134048757,-3.65592934287|-44.0,-71.0,-25.0,0.0,-59.0,-75.0,-14.0,-14.0,-66.0,-60.0,-25.0,0.0,-51.0,-60.0,-25.0,0.0
2018-11-11 17:32:56.212029|1.64701880156,-9.99231989629|-44.25,-70.75,-25.0,0.0,-59.25,-75.0,-14.25,-13.0,-65.75,-60.0,-25.0,0.0,-50.75,-60.0,-25.0,0.0
2018-11-11 17:32:56.267819|-1.56409003609,-13.9442114222|-44.5,-70.5,-25.0,0.0,-59.5,-75.0,-14.5,-12.0,-65.5,-60.0,-25.0,0.0,-50.5,-60.0,-25.0,0.0
2018-11-11 17:32:56.323459|-0.727388801232,-13.0537487029|-44.75,-70.25,-25.0,0.0,-59.75,-75.0,-14.75,-11.0,-65.25,-60.0,-25.0,0.0,-50.25,-60.0,-25.0,0.0
2018-11-11 17:32:56.379222|5.77811376037,-3.55435293287|-45.0,-70.0,-25.0,0.0,-60.0,-75.0,-15.0,-10.0,-65.0,-60.0,-25.0,0.0,-50.0,-60.0,-25.0,0.0
2018-11-11 17:32:56.435180|3.01702594936,-7.77648665354|-45.25,-69.75,-25.0,0.0,-60.25,-75.0,-15.25,-9.0,-64.75,-60.0,-25.0,0.0,-49.75,-60.0,-25.0,0.0
2018-11-11 17:32:56.490918|-7.72249974219,2.87971927176|-45.5,-69.5,-25.0,0.0,-60.5,-75.0,-15.5,-8.0,-64.5,-60.0,-25.0,0.0,-49.5,-60.0,-25.0,0.0
2018-11-11 17:32:56.546686|2.33428924079,-4.10196469104|-45.75,-69.25,-25.0,0.0,-60.75,-75.0,-15.75,-7.0,-64.25,-60.0,-25.0,0.0,-49.25,-60.0,-25.0,0.0
2018-11-11 17:32:56.602583|1.2866089422,-7.49233933546|-46.0,-69.0,-25.0,0.0,-61.0,-75.0,-16.0,-6.0,-64.0,-60.0,-25.0,0.0,-49.0,-60.0,-25.0,0.0
2018-11-11 17:32:56.658313|2.24783731428,-11.0232744379|-46.25,-68.75,-25.0,0.0,-61.25,-75.0,-16.25,-5.0,-63.75,-60.0,-25.0,0.0,-48.75,-60.0,-25.0,0.0
2018-11-11 17:32:56.714056|1.59193099109,-1.29069795302|-46.5,-68.5,-25.0,0.0,-61.5,-75.0,-16.5,-4.0,-63.5,-60.0,-25.0,0.0,-48.5,-60.0,-25.0,0.0
2018-11-11 17:32:56.769906|-0.415741348383,-1.59663940547|-46.75,-68.25,-25.0,0.0,-61.75,-75.0,-16.75,-3.0,-63.25,-60.0,-25.0,0.0,-48.25,-60.0,-25.0,0.0
2018-11-11 17:32:56.825865|3.0717698364,-5.14347130165|-47.0,-68.0,-25.0,0.0,-62.0,-75.0,-17.0,-2.0,-63.0,-60.0,-25.0,0.0,-48.0,-60.0,-25.0,0.0
2018-11-11 17:32:56.881660|1.60113101519,-11.4424600796|-47.25,-67.75,-25.0,0.0,-62.25,-75.0,-17.25,-1.0,-62.75,-60.0,-25.0,0.0,-47.75,-60.0,-25.0,0.0
2018-11-11 17:32:56.937533|2.04255248899,-6.26300762157|-47.5,-67.5,-25.0,0.0,-62.5,-75.0,-17.5,0.0,-62.5,-60.0,-25.0,0.0,-47.5,-60.0,-25.0,0.0
2018-11-11 17:32:56.993238|-1.78936314517,-3.93382538157|-47.75,-67.25,-25.0,0.0,-62.75,-75.0,-17.75,1.0,-62.25,-60.0,-25.0,0.0,-47.25,-60.0,-25.0,0.0
2018-11-11 17:32:57.049000|0.822172289924,-4.48901338912|-48.0,-67.0,-25.0,0.0,-63.0,-75.0,-18.0,2.0,-62.0,-60.0,-25.0,0.0,-47.0,-60.0,-25.0,0.0
2018-11-11 17:32:57.104879|0.794489146692,-0.264822171704|-48.25,-66.75,-25.0,0.0,-63.25,-75.0,-18.25,3.0,-61.75,-60.0,-25.0,0.0,-46.75,-60.0,-25.0,0.0
2018-11-11 17:32:57.160630|0.226846569572,-10.6780982279|-48.5,-66.5,-25.0,0.0,-63.5,-75.0,-18.5,4.0,-61.5,-60.0,-25.0,0.0,-46.5,-60.0,-25.0,0.0
2018-11-11 17:32:57.216519|3.41458683571,-4.53319006608|-48.75,-66.25,-25.0,0.0,-63.75,-75.0,-18.75,5.0,-61.25,-60.0,-25.0,0.0,-46.25,-60.0,-25.0,0.0
2018-11-11 17:32:57.272303|-2.21302769453,-4.84556856342|-49.0,-66.0,-25.0,0.0,-64.0,-75.0,-19.0,6.0,-61.0,-60.0,-25.0,0.0,-46.0,-60.0,-25.0,0.0
2018-11-11 17:32:57.328126|1.92536972479,-10.2333158789|-49.25,-65.75,-25.0,0.0,-64.25,-75.0,-19.25,7.0,-60.75,-60.0,-25.0,0.0,-45.75,-60.0,-25.0,0.0
2018-11-11 17:32:57.383826|5.62013761388,0.955711137121|-49.5,-65.5,-25.0,0.0,-64.5,-75.0,-19.5,8.0,-60.5,-60.0,-25.0,0.0,-45.5,-60.0,-25.0,0.0
2018-11-11 17:32:57.440180|-0.448260005636,-1.83535954403|-49.75,-65.25,-25.0,0.0,-64.75,-75.0,-19.75,9.0,-60.25,-60.0,-25.0,0.0,-45.25,-60.0,-25.0,0.0
2018-11-11 17:32:57.496263|-0.730784790199,-7.53231777922|-50.0,-65.0,-25.0,0.0,-65.0,-75.0,-20.0,10.0,-60.0,-60.0,-25.0,0.0,-45.0,-60.0,-25.0,0.0
2018-11-11 17:32:57.552448|2.83491028762,-8.95307118909|-50.25,-64.75,-25.0,0.0,-65.25,-75.0,-20.25,11.0,-59.75,-60.0,-25.0,0.0,-44.75,-60.0,-25.0,0.0
2018-11-11 17:32:57.608607|0.601746463983,-6.82033458352|-50.5,-64.5,-25.0,0.0,-65.5,-75.0,-20.5,12.0,-59.5,-60.0,-25.0,0.0,-44.5,-60.0,-25.0,0.0
2018-11-11 17:32:57.664344|0.459323967796,-5.71040902504|-50.75,-64.25,-25.0,0.0,-65.75,-75.0,-20.75,13.0,-59.25,-60.0,-25.0,0.0,-44.25,-60.0,-25.0,0.0
2018-11-11 17:32:57.720161|0.792403985066,-6.87415739115|-51.0,-64.0,-25.0,0.0,-66.0,-75.0,-21.0,14.0,-59.0,-60.0,-25.0,0.0,-44.0,-60.0,-25.0,0.0
2018-11-11 17:32:57.776090|1.94062235509,-9.83457577526|-51.25,-63.75,-25.0,0.0,-66.25,-75.0,-21.25,15.0,-58.75,-60.0,-25.0,0.0,-43.75,-60.0,-25.0,0.0
2018-11-11 17:32:57.831822|-0.316734449679,-9.89957303544|-51.5,-63.5,-25.0,0.0,-66.5,-75.0,-21.5,16.0,-58.5,-60.0,-25.0,0.0,-43.5,-60.0,-25.0,0.0
2018-11-11 17:32:57.887603|-4.09198271663,-2.67597974683|-51.75,-63.25,-25.0,0.0,-66.75,-75.0,-21.75,17.0,-58.25,-60.0,-25.0,0.0,-43.25,-60.0,-25.0,0.0
2018-11-11 17:32:57.943334|-0.2593366623,-7.46984291744|-52.0,-63.0,-25.0,0.0,-67.0,-75.0,-22.0,18.0,-58.0,-60.0,-25.0,0.0,-43.0,-60.0,-25.0,0.0
2018-11-11 17:32:57.999124|3.65944558024,-11.3129122695|-52.25,-62.75,-25.0,0.0,-67.25,-75.0,-22.25,19.0,-57.75,-60.0,-25.0,0.0,-42.75,-60.0,-25.0,0.0
2018-11-11 17:32:58.054999|-3.7293042969,-10.7526702081|-52.5,-62.5,-25.0,0.0,-67.5,-75.0,-22.5,20.0,-57.5,-60.0,-25.0,0.0,-42.5,-60.0,-25.0,0.0
2018-11-11 17:32:58.110761|3.03211996257,3.73477866378|-52.75,-62.25,-25.0,0.0,-67.75,-75.0,-22.75,21.0,-57.25,-60.0,-25.0,0.0,-42.25,-60.0,-25.0,0.0
2018-11-11 17:32:58.170522|-3.10301298413,-4.85966634144|-53.0,-62.0,-25.0,0.0,-68.0,-75.0,-23.0,22.0,-57.0,-60.0,-25.0,0.0,-42.0,-60.0,-25.0,0.0
2018-11-11 17:32:58.226536|-1.70234445578,-2.12446732018|-53.25,-61.75,-25.0,0.0,-68.25,-75.0,-23.25,23.0,-56.75,-60.0,-25.0,0.0,-41.75,-60.0,-25.0,0.0
2018-11-11 17:32:58.282312|-0.01749956168,-6.66485373586|-53.5,-61.5,-25.0,0.0,-68.5,-75.0,-23.5,24.0,-56.5,-60.0,-25.0,0.0,-41.5,-60.0,-25.0,0.0
2018-11-11 17:32:58.338649|0.613251986735,-2.09105602021|-53.75,-61.25,-25.0,0.0,-68.75,-75.0,-23.75,25.0,-56.25,-60.0,-25.0,0.0,-41.25,-60.0,-25.0,0.0
2018-11-11 17:32:58.394965|-1.53670073745,-11.8260110965|-54.0,-61.0,-25.0,0.0,-69.0,-75.0,-24.0,26.0,-56.0,-60.0,-25.0,0.0,-41.0,-60.0,-25.0,0.0
2018-11-11 17:32:58.451122|0.246780720559,-7.53477768483|-54.25,-60.75,-25.0,0.0,-69.25,-75.0,-24.25,27.0,-55.75,-60.0,-25.0,0.0,-40.75,-60.0,-25.0,0.0
2018-11-11 17:32:58.507012|0.309787774649,1.81476583041|-54.5,-60.5,-25.0,0.0,-69.5,-75.0,-24.5,28.0,-55.5,-60.0,-25.0,0.0,-40.5,-60.0,-25.0,0.0
2018-11-11 17:32:58.562840|0.501592525893,-4.9104065257|-54.75,-60.25,-25.0,0.0,-69.75,-75.0,-24.75,29.0,-55.25,-60.0,-25.0,0.0,-40.25,-60.0,-25.0,0.0
2018-11-11 17:32:58.618673|-2.55928815497,-7.34453755742|-55.0,-60.0,-25.0,0.0,-70.0,-75.0,-25.0,30.0,-55.0,-60.0,-25.0,0.0,-40.0,-60.0,-25.0,0.0
2018-11-11 17:32:58.675075|-1.10496544299,-7.5922361091|-55.0,-60.0,-25.0,1.0,-69.5,-74.5,-25.5,29.0,-55.0,-60.0,-25.0,0.0,-40.5,-60.5,-25.0,0.0
2018-11-11 17:32:58.732661|0.542867614864,1.25643266397|-55.0,-60.0,-25.0,2.0,-69.0,-74.0,-26.0,28.0,-55.0,-60.0,-25.0,0.0,-41.0,-61.0,-25.0,0.0
2018-11-11 17:32:58.788495|-3.31886285735,-0.0900545311079|-55.0,-60.0,-25.0,3.0,-68.5,-73.5,-26.5,27.0,-55.0,-60.0,-25.0,0.0,-41.5,-61.5,-25.0,0.0
2018-11-11 17:32:58.844251|-1.43733029948,-5.80174318604|-55.0,-60.0,-25.0,4.0,-68.0,-73.0,-27.0,26.0,-55.0,-60.0,-25.0,0.0,-42.0,-62.0,-25.0,0.0
2018-11-11 17:32:58.900063|2.26749354927,-11.0986268484|-55.0,-60.0,-25.0,5.0,-67.5,-72.5,-27.5,25.0,-55.0,-60.0,-25.0,0.0,-42.5,-62.5,-25.0,0.0
2018-11-11 17:32:58.955895|2.08538503692,-7.96823079453|-55.0,-60.0,-25.0,6.0,-67.0,-72.0,-28.0,24.0,-55.0,-60.0,-25.0,0.0,-43.0,-63.0,-25.0,0.0
2018-11-11 17:32:59.011708|-0.548669787291,-3.95349858899|-55.0,-60.0,-25.0,7.0,-66.5,-71.5,-28.5,23.0,-55.0,-60.0,-25.0,0.0,-43.5,-63.5,-25.0,0.0
2018-11-11 17:32:59.067753|-6.47215256485,-1.81396249976|-55.0,-60.0,-25.0,8.0,-66.0,-71.0,-29.0,22.0,-55.0,-60.0,-25.0,0.0,-44.0,-64.0,-25.0,0.0
2018-11-11 17:32:59.123407|0.0,-2.21936588164|-55.0,-60.0,-25.0,9.0,-65.5,-70.5,-29.5,21.0,-55.0,-60.0,-25.0,0.0,-44.5,-64.5,-25.0,0.0
2018-11-11 17:32:59.179157|1.64453068772,-7.31381424944|-55.0,-60.0,-25.0,10.0,-65.0,-70.0,-30.0,20.0,-55.0,-60.0,-25.0,0.0,-45.0,-65.0,-25.0,0.0
2018-11-11 17:32:59.235578|2.8772299918,-3.67909051034|-55.0,-60.0,-25.0,11.0,-64.5,-69.5,-30.5,19.0,-55.0,-60.0,-25.0,0.0,-45.5,-65.5,-25.0,0.0
2018-11-11 17:32:59.291446|-0.0864751903086,-8.4358303265|-55.0,-60.0,-25.0,12.0,-64.0,-69.0,-31.0,18.0,-55.0,-60.0,-25.0,0.0,-46.0,-66.0,-25.0,0.0
2018-11-11 17:32:59.347287|-3.07116136904,3.29520936706|-55.0,-60.0,-25.0,13.0,-63.5,-68.5,-31.5,17.0,-55.0,-60.0,-25.0,0.0,-46.5,-66.5,-25.0,0.0
2018-11-11 17:32:59.403166|-2.14778771033,3.10315037515|-55.0,-60.0,-25.0,14.0,-63.0,-68.0,-32.0,16.0,-55.0,-60.0,-25.0,0.0,-47.0,-67.0,-25.0,0.0
2018-11-11 17:32:59.459053|-5.29175512916,-7.81525399355|-55.0,-60.0,-25.0,15.0,-62.5,-67.5,-32.5,15.0,-55.0,-60.0,-25.0,0.0,-47.5,-67.5,-25.0,0.0
2018-11-11 17:32:59.515045|-4.92803931763,10.8802035712|-55.0,-60.0,-25.0,16.0,-62.0,-67.0,-33.0,14.0,-55.0,-60.0,-25.0,0.0,-48.0,-68.0,-25.0,0.0
2018-11-11 17:32:59.570831|-3.88681256606,-8.99543481405|-55.0,-60.0,-25.0,17.0,-61.5,-66.5,-33.5,13.0,-55.0,-60.0,-25.0,0.0,-48.5,-68.5,-25.0,0.0
2018-11-11 17:32:59.626730|-0.119809763604,1.04411353877|-55.0,-60.0,-25.0,18.0,-61.0,-66.0,-34.0,12.0,-55.0,-60.0,-25.0,0.0,-49.0,-69.0,-25.0,0.0
2018-11-11 17:32:59.682553|-1.65465408767,-4.96950072342|-55.0,-60.0,-25.0,19.0,-60.5,-65.5,-34.5,11.0,-55.0,-60.0,-25.0,0.0,-49.5,-69.5,-25.0,0.0
2018-11-11 17:32:59.738537|-1.30803279381,-4.04879320045|-55.0,-60.0,-25.0,20.0,-60.0,-65.0,-35.0,10.0,-55.0,-60.0,-25.0,0.0,-50.0,-70.0,-25.0,0.0
2018-11-11 17:32:59.794925|-0.278796908798,-2.37044053948|-55.0,-60.0,-25.0,21.0,-59.5,-64.5,-35.5,9.0,-55.0,-60.0,-25.0,0.0,-50.5,-70.5,-25.0,0.0
2018-11-11 17:32:59.850716|-6.70152575215,0.873399190359|-55.0,-60.0,-25.0,22.0,-59.0,-64.0,-36.0,8.0,-55.0,-60.0,-25.0,0.0,-51.0,-71.0,-25.0,0.0
2018-11-11 17:32:59.906562|-2.23699805275,-10.6488563722|-55.0,-60.0,-25.0,23.0,-58.5,-63.5,-36.5,7.0,-55.0,-60.0,-25.0,0.0,-51.5,-71.5,-25.0,0.0
2018-11-11 17:32:59.962503|-1.14841954116,-6.21073637075|-55.0,-60.0,-25.0,24.0,-58.0,-63.0,-37.0,6.0,-55.0,-60.0,-25.0,0.0,-52.0,-72.0,-25.0,0.0
2018-11-11 17:33:00.018286|-2.72413710063,1.29977803651|-55.0,-60.0,-25.0,25.0,-57.5,-62.5,-37.5,5.0,-55.0,-60.0,-25.0,0.0,-52.5,-72.5,-25.0,0.0
2018-11-11 17:33:00.074066|-1.0719379081,3.02615095372|-55.0,-60.0,-25.0,26.0,-57.0,-62.0,-38.0,4.0,-55.0,-60.0,-25.0,0.0,-53.0,-73.0,-25.0,0.0
2018-11-11 17:33:00.129967|-1.8707469956,1.8707469956|-55.0,-60.0,-25.0,27.0,-56.5,-61.5,-38.5,3.0,-55.0,-60.0,-25.0,0.0,-53.5,-73.5,-25.0,0.0
2018-11-11 17:33:00.185737|1.46760358601,-14.2304303763|-55.0,-60.0,-25.0,28.0,-56.0,-61.0,-39.0,2.0,-55.0,-60.0,-25.0,0.0,-54.0,-74.0,-25.0,0.0
2018-11-11 17:33:00.241453|-4.9862280022,17.6004388799|-55.0,-60.0,-25.0,29.0,-55.5,-60.5,-39.5,1.0,-55.0,-60.0,-25.0,0.0,-54.5,-74.5,-25.0,0.0
2018-11-11 17:33:00.297335|-6.98972833111,-3.96562443762|-55.0,-60.0,-25.0,30.0,-55.0,-60.0,-40.0,0.0,-55.0,-60.0,-25.0,0.0,-55.0,-75.0,-25.0,0.0
2018-11-11 17:33:00.353550|1.25970826951,0.583406907679|-55.5,-60.5,-25.5,30.0,-55.0,-60.5,-39.5,1.0,-55.0,-60.0,-25.0,0.0,-55.5,-74.0,-25.0,0.0
2018-11-11 17:33:00.409392|1.74658120563,-2.3403680291|-56.0,-61.0,-26.0,30.0,-55.0,-61.0,-39.0,2.0,-55.0,-60.0,-25.0,0.0,-56.0,-73.0,-25.0,0.0
2018-11-11 17:33:00.465259|5.58152744295,3.67299789698|-56.5,-61.5,-26.5,30.0,-55.0,-61.5,-38.5,3.0,-55.0,-60.0,-25.0,0.0,-56.5,-72.0,-25.0,0.0
2018-11-11 17:33:00.521179|-4.85116131376,-12.0041498403|-57.0,-62.0,-27.0,30.0,-55.0,-62.0,-38.0,4.0,-55.0,-60.0,-25.0,0.0,-57.0,-71.0,-25.0,0.0
2018-11-11 17:33:00.576974|-3.54438658416,-7.77126504893|-57.5,-62.5,-27.5,30.0,-55.0,-62.5,-37.5,5.0,-55.0,-60.0,-25.0,0.0,-57.5,-70.0,-25.0,0.0
2018-11-11 17:33:00.632770|0.629004190853,-11.1436861892|-58.0,-63.0,-28.0,30.0,-55.0,-63.0,-37.0,6.0,-55.0,-60.0,-25.0,0.0,-58.0,-69.0,-25.0,0.0
2018-11-11 17:33:00.688631|-0.0999487731667,5.07904702102|-58.5,-63.5,-28.5,30.0,-55.0,-63.5,-36.5,7.0,-55.0,-60.0,-25.0,0.0,-58.5,-68.0,-25.0,0.0
2018-11-11 17:33:00.745027|1.19897032693,1.59871787746|-59.0,-64.0,-29.0,30.0,-55.0,-64.0,-36.0,8.0,-55.0,-60.0,-25.0,0.0,-59.0,-67.0,-25.0,0.0
2018-11-11 17:33:00.800898|-3.08377164399,1.86202668617|-59.5,-64.5,-29.5,30.0,-55.0,-64.5,-35.5,9.0,-55.0,-60.0,-25.0,0.0,-59.5,-66.0,-25.0,0.0
2018-11-11 17:33:00.856733|-0.875386103522,-1.1672167956|-60.0,-65.0,-30.0,30.0,-55.0,-65.0,-35.0,10.0,-55.0,-60.0,-25.0,0.0,-60.0,-65.0,-25.0,0.0
2018-11-11 17:33:00.914066|-14.4197733844,-3.95670038645|-60.5,-65.5,-30.5,30.0,-55.0,-65.5,-34.5,11.0,-55.0,-60.0,-25.0,0.0,-60.5,-64.0,-25.0,0.0
2018-11-11 17:33:00.969927|-4.14503433062,-2.93057442983|-61.0,-66.0,-31.0,30.0,-55.0,-66.0,-34.0,12.0,-55.0,-60.0,-25.0,0.0,-61.0,-63.0,-25.0,0.0
2018-11-11 17:33:01.025891|1.64133903508,-6.79739914718|-61.5,-66.5,-31.5,30.0,-55.0,-66.5,-33.5,13.0,-55.0,-60.0,-25.0,0.0,-61.5,-62.0,-25.0,0.0
2018-11-11 17:33:01.081659|2.15238967154,4.70028869602|-62.0,-67.0,-32.0,30.0,-55.0,-67.0,-33.0,14.0,-55.0,-60.0,-25.0,0.0,-62.0,-61.0,-25.0,0.0
2018-11-11 17:33:01.137433|3.72123963319,-5.74990333351|-62.5,-67.5,-32.5,30.0,-55.0,-67.5,-32.5,15.0,-55.0,-60.0,-25.0,0.0,-62.5,-60.0,-25.0,0.0
2018-11-11 17:33:01.193179|0.115286417777,3.6092019357|-63.0,-68.0,-33.0,30.0,-55.0,-68.0,-32.0,16.0,-55.0,-60.0,-25.0,0.0,-63.0,-59.0,-25.0,0.0
2018-11-11 17:33:01.249057|-3.54192398946,-4.23082658767|-63.5,-68.5,-33.5,30.0,-55.0,-68.5,-31.5,17.0,-55.0,-60.0,-25.0,0.0,-63.5,-58.0,-25.0,0.0
2018-11-11 17:33:01.304847|-4.64600867561,-3.53194942413|-64.0,-69.0,-34.0,30.0,-55.0,-69.0,-31.0,18.0,-55.0,-60.0,-25.0,0.0,-64.0,-57.0,-25.0,0.0
2018-11-11 17:33:01.360711|-5.74971796216,-0.667885192532|-64.5,-69.5,-34.5,30.0,-55.0,-69.5,-30.5,19.0,-55.0,-60.0,-25.0,0.0,-64.5,-56.0,-25.0,0.0
2018-11-11 17:33:01.416610|-2.96419652348,1.40360721634|-65.0,-70.0,-35.0,30.0,-55.0,-70.0,-30.0,20.0,-55.0,-60.0,-25.0,0.0,-65.0,-55.0,-25.0,0.0
2018-11-11 17:33:01.472372|5.46239079914,-5.70731313795|-65.5,-70.5,-35.5,30.0,-55.0,-70.5,-29.5,21.0,-55.0,-60.0,-25.0,0.0,-65.5,-54.0,-25.0,0.0
2018-11-11 17:33:01.528177|4.58689912723,3.31914198743|-66.0,-71.0,-36.0,30.0,-55.0,-71.0,-29.0,22.0,-55.0,-60.0,-25.0,0.0,-66.0,-53.0,-25.0,0.0
2018-11-11 17:33:01.584012|-1.21139571457,-0.949445031301|-66.5,-71.5,-36.5,30.0,-55.0,-71.5,-28.5,23.0,-55.0,-60.0,-25.0,0.0,-66.5,-52.0,-25.0,0.0
2018-11-11 17:33:01.639795|-0.19773678901,-5.91434146865|-67.0,-72.0,-37.0,30.0,-55.0,-72.0,-28.0,24.0,-55.0,-60.0,-25.0,0.0,-67.0,-51.0,-25.0,0.0
2018-11-11 17:33:01.695716|3.86564260207,-2.39425671549|-67.5,-72.5,-37.5,30.0,-55.0,-72.5,-27.5,25.0,-55.0,-60.0,-25.0,0.0,-67.5,-50.0,-25.0,0.0
2018-11-11 17:33:01.751502|5.11237151424,2.10055328866|-68.0,-73.0,-38.0,30.0,-55.0,-73.0,-27.0,26.0,-55.0,-60.0,-25.0,0.0,-68.0,-49.0,-25.0,0.0
2018-11-11 17:33:01.807957|5.11114796145,-5.40744607641|-68.5,-73.5,-38.5,30.0,-55.0,-73.5,-26.5,27.0,-55.0,-60.0,-25.0,0.0,-68.5,-48.0,-25.0,0.0
2018-11-11 17:33:01.864205|7.88620623536,6.46626919959|-69.0,-74.0,-39.0,30.0,-55.0,-74.0,-26.0,28.0,-55.0,-60.0,-25.0,0.0,-69.0,-47.0,-25.0,0.0
2018-11-11 17:33:01.920423|1.32485316027,5.13149056583|-69.5,-74.5,-39.5,30.0,-55.0,-74.5,-25.5,29.0,-55.0,-60.0,-25.0,0.0,-69.5,-46.0,-25.0,0.0
2018-11-11 17:33:01.976520|0.600164392123,-2.79181800963|-70.0,-75.0,-40.0,30.0,-55.0,-75.0,-25.0,30.0,-55.0,-60.0,-25.0,0.0,-70.0,-45.0,-25.0,0.0
2018-11-11 17:33:02.032823|4.2863111813,-8.36976732736|-69.75,-74.5,-39.75,29.0,-55.0,-74.75,-25.0,29.5,-55.0,-60.25,-25.0,0.0,-70.0,-45.5,-25.0,-0.5
2018-11-11 17:33:02.088671|0.441069389643,1.9851898263|-69.5,-74.0,-39.5,28.0,-55.0,-74.5,-25.0,29.0,-55.0,-60.5,-25.0,0.0,-70.0,-46.0,-25.0,-1.0
2018-11-11 17:33:02.144573|1.02439915993,-2.55428466803|-69.25,-73.5,-39.25,27.0,-55.0,-74.25,-25.0,28.5,-55.0,-60.75,-25.0,0.0,-70.0,-46.5,-25.0,-1.5
2018-11-11 17:33:02.200392|3.52732791634,-2.98071773026|-69.0,-73.0,-39.0,26.0,-55.0,-74.0,-25.0,28.0,-55.0,-61.0,-25.0,0.0,-70.0,-47.0,-25.0,-2.0
2018-11-11 17:33:02.256328|2.83003927942,-1.03427353302|-68.75,-72.5,-38.75,25.0,-55.0,-73.75,-25.0,27.5,-55.0,-61.25,-25.0,0.0,-70.0,-47.5,-25.0,-2.5
2018-11-11 17:33:02.312457|6.75069101448,-4.39470079271|-68.5,-72.0,-38.5,24.0,-55.0,-73.5,-25.0,27.0,-55.0,-61.5,-25.0,0.0,-70.0,-48.0,-25.0,-3.0
2018-11-11 17:33:02.368688|4.43780146481,-1.23923607507|-68.25,-71.5,-38.25,23.0,-55.0,-73.25,-25.0,26.5,-55.0,-61.75,-25.0,0.0,-70.0,-48.5,-25.0,-3.5
2018-11-11 17:33:02.425211|2.6038303,-0.083965646734|-68.0,-71.0,-38.0,22.0,-55.0,-73.0,-25.0,26.0,-55.0,-62.0,-25.0,0.0,-70.0,-49.0,-25.0,-4.0
2018-11-11 17:33:02.481444|3.52813519652,-4.21568255686|-67.75,-70.5,-37.75,21.0,-55.0,-72.75,-25.0,25.5,-55.0,-62.25,-25.0,0.0,-70.0,-49.5,-25.0,-4.5
2018-11-11 17:33:02.537731|9.22522629859,-6.77728144292|-67.5,-70.0,-37.5,20.0,-55.0,-72.5,-25.0,25.0,-55.0,-62.5,-25.0,0.0,-70.0,-50.0,-25.0,-5.0
2018-11-11 17:33:02.593672|-2.15110322902,-5.06778681243|-67.25,-69.5,-37.25,19.0,-55.0,-72.25,-25.0,24.5,-55.0,-62.75,-25.0,0.0,-70.0,-50.5,-25.0,-5.5
2018-11-11 17:33:02.649548|4.92789387953,-4.03164698134|-67.0,-69.0,-37.0,18.0,-55.0,-72.0,-25.0,24.0,-55.0,-63.0,-25.0,0.0,-70.0,-51.0,-25.0,-6.0
2018-11-11 17:33:02.705794|2.89570363629,0.0851315333769|-66.75,-68.5,-36.75,17.0,-55.0,-71.75,-25.0,23.5,-55.0,-63.25,-25.0,0.0,-70.0,-51.5,-25.0,-6.5
2018-11-11 17:33:02.761546|6.28957598883,-6.71074786796|-66.5,-68.0,-36.5,16.0,-55.0,-71.5,-25.0,23.0,-55.0,-63.5,-25.0,0.0,-70.0,-52.0,-25.0,-7.0
2018-11-11 17:33:02.817395|1.54018642316,4.13237733015|-66.25,-67.5,-36.25,15.0,-55.0,-71.25,-25.0,22.5,-55.0,-63.75,-25.0,0.0,-70.0,-52.5,-25.0,-7.5
2018-11-11 17:33:02.873260|2.03579417254,1.30856322724|-66.0,-67.0,-36.0,14.0,-55.0,-71.0,-25.0,22.0,-55.0,-64.0,-25.0,0.0,-70.0,-53.0,-25.0,-8.0
2018-11-11 17:33:02.929099|1.061630389,-9.35060100804|-65.75,-66.5,-35.75,13.0,-55.0,-70.75,-25.0,21.5,-55.0,-64.25,-25.0,0.0,-70.0,-53.5,-25.0,-8.5
2018-11-11 17:33:02.984978|5.06134692628,-2.29305563358|-65.5,-66.0,-35.5,12.0,-55.0,-70.5,-25.0,21.0,-55.0,-64.5,-25.0,0.0,-70.0,-54.0,-25.0,-9.0
2018-11-11 17:33:03.040752|1.91888854467,-1.84883133803|-65.25,-65.5,-35.25,11.0,-55.0,-70.25,-25.0,20.5,-55.0,-64.75,-25.0,0.0,-70.0,-54.5,-25.0,-9.5
2018-11-11 17:33:03.096565|4.7516155482,-6.41327236871|-65.0,-65.0,-35.0,10.0,-55.0,-70.0,-25.0,20.0,-55.0,-65.0,-25.0,0.0,-70.0,-55.0,-25.0,-10.0
2018-11-11 17:33:03.152369|0.70163078203,3.65616487817|-64.75,-64.5,-34.75,9.0,-55.0,-69.75,-25.0,19.5,-55.0,-65.25,-25.0,0.0,-70.0,-55.5,-25.0,-10.5
2018-11-11 17:33:03.211759|2.75394720285,-8.09027776994|-64.5,-64.0,-34.5,8.0,-55.0,-69.5,-25.0,19.0,-55.0,-65.5,-25.0,0.0,-70.0,-56.0,-25.0,-11.0
2018-11-11 17:33:03.267666|1.95067602371,-8.37271383045|-64.25,-63.5,-34.25,7.0,-55.0,-69.25,-25.0,18.5,-55.0,-65.75,-25.0,0.0,-70.0,-56.5,-25.0,-11.5
2018-11-11 17:33:03.323505|-1.39021601237,-8.29468547406|-64.0,-63.0,-34.0,6.0,-55.0,-69.0,-25.0,18.0,-55.0,-66.0,-25.0,0.0,-70.0,-57.0,-25.0,-12.0
2018-11-11 17:33:03.379327|2.49617278545,-3.91300464034|-63.75,-62.5,-33.75,5.0,-55.0,-68.75,-25.0,17.5,-55.0,-66.25,-25.0,0.0,-70.0,-57.5,-25.0,-12.5
2018-11-11 17:33:03.435259|2.90544352776,-3.3165914835|-63.5,-62.0,-33.5,4.0,-55.0,-68.5,-25.0,17.0,-55.0,-66.5,-25.0,0.0,-70.0,-58.0,-25.0,-13.0
2018-11-11 17:33:03.491012|4.37508365109,-3.6189802544|-63.25,-61.5,-33.25,3.0,-55.0,-68.25,-25.0,16.5,-55.0,-66.75,-25.0,0.0,-70.0,-58.5,-25.0,-13.5
2018-11-11 17:33:03.546819|5.27728455064,-8.34950381049|-63.0,-61.0,-33.0,2.0,-55.0,-68.0,-25.0,16.0,-55.0,-67.0,-25.0,0.0,-70.0,-59.0,-25.0,-14.0
2018-11-11 17:33:03.602625|-3.66649921452,3.36311850179|-62.75,-60.5,-32.75,1.0,-55.0,-67.75,-25.0,15.5,-55.0,-67.25,-25.0,0.0,-70.0,-59.5,-25.0,-14.5
2018-11-11 17:33:03.658476|-0.556157872337,-1.05531700855|-62.5,-60.0,-32.5,0.0,-55.0,-67.5,-25.0,15.0,-55.0,-67.5,-25.0,0.0,-70.0,-60.0,-25.0,-15.0
2018-11-11 17:33:03.714307|4.50895601658,-8.30884682056|-62.25,-59.5,-32.25,-1.0,-55.0,-67.25,-25.0,14.5,-55.0,-67.75,-25.0,0.0,-70.0,-60.5,-25.0,-15.5
2018-11-11 17:33:03.770098|8.51239673982,-7.71466582871|-62.0,-59.0,-32.0,-2.0,-55.0,-67.0,-25.0,14.0,-55.0,-68.0,-25.0,0.0,-70.0,-61.0,-25.0,-16.0
2018-11-11 17:33:03.826238|1.05214229101,1.54501820389|-61.75,-58.5,-31.75,-3.0,-55.0,-66.75,-25.0,13.5,-55.0,-68.25,-25.0,0.0,-70.0,-61.5,-25.0,-16.5
2018-11-11 17:33:03.881968|3.8411874501,6.70970205907|-61.5,-58.0,-31.5,-4.0,-55.0,-66.5,-25.0,13.0,-55.0,-68.5,-25.0,0.0,-70.0,-62.0,-25.0,-17.0
2018-11-11 17:33:03.937783|8.98298699254,-19.3695371211|-61.25,-57.5,-31.25,-5.0,-55.0,-66.25,-25.0,12.5,-55.0,-68.75,-25.0,0.0,-70.0,-62.5,-25.0,-17.5
2018-11-11 17:33:03.993606|-0.443912127275,-0.207157371543|-61.0,-57.0,-31.0,-6.0,-55.0,-66.0,-25.0,12.0,-55.0,-69.0,-25.0,0.0,-70.0,-63.0,-25.0,-18.0
2018-11-11 17:33:04.049442|5.38492841518,-3.17153373899|-60.75,-56.5,-30.75,-7.0,-55.0,-65.75,-25.0,11.5,-55.0,-69.25,-25.0,0.0,-70.0,-63.5,-25.0,-18.5
2018-11-11 17:33:04.105319|1.4355453144,-2.03027654735|-60.5,-56.0,-30.5,-8.0,-55.0,-65.5,-25.0,11.0,-55.0,-69.5,-25.0,0.0,-70.0,-64.0,-25.0,-19.0
2018-11-11 17:33:04.161282|1.53627881541,1.97122738838|-60.25,-55.5,-30.25,-9.0,-55.0,-65.25,-25.0,10.5,-55.0,-69.75,-25.0,0.0,-70.0,-64.5,-25.0,-19.5
2018-11-11 17:33:04.217006|2.36275280033,-3.17263684673|-60.0,-55.0,-30.0,-10.0,-55.0,-65.0,-25.0,10.0,-55.0,-70.0,-25.0,0.0,-70.0,-65.0,-25.0,-20.0
2018-11-11 17:33:04.272823|-1.71276480793,-5.47634799005|-59.75,-54.5,-29.75,-11.0,-55.0,-64.75,-25.0,9.5,-55.0,-70.25,-25.0,0.0,-70.0,-65.5,-25.0,-20.5
2018-11-11 17:33:04.328861|-0.271980842408,5.14864012908|-59.5,-54.0,-29.5,-12.0,-55.0,-64.5,-25.0,9.0,-55.0,-70.5,-25.0,0.0,-70.0,-66.0,-25.0,-21.0
2018-11-11 17:33:04.748249|1.59188971831,-2.68883212997|-59.25,-53.5,-29.25,-13.0,-55.0,-64.25,-25.0,8.5,-55.0,-70.75,-25.0,0.0,-70.0,-66.5,-25.0,-21.5
2018-11-11 17:33:04.803411|3.69729755804,-0.431295757015|-59.0,-53.0,-29.0,-14.0,-55.0,-64.0,-25.0,8.0,-55.0,-71.0,-25.0,0.0,-70.0,-67.0,-25.0,-22.0
2018-11-11 17:33:04.858526|-1.26093766502,1.1154252748|-58.75,-52.5,-28.75,-15.0,-55.0,-63.75,-25.0,7.5,-55.0,-71.25,-25.0,0.0,-70.0,-67.5,-25.0,-22.5
2018-11-11 17:33:04.913634|5.1308635632,-13.728118933|-58.5,-52.0,-28.5,-16.0,-55.0,-63.5,-25.0,7.0,-55.0,-71.5,-25.0,0.0,-70.0,-68.0,-25.0,-23.0
2018-11-11 17:33:04.968771|-0.876314067396,-0.91676270779|-58.25,-51.5,-28.25,-17.0,-55.0,-63.25,-25.0,6.5,-55.0,-71.75,-25.0,0.0,-70.0,-68.5,-25.0,-23.5
2018-11-11 17:33:05.023793|3.39029379347,-11.2554502242|-58.0,-51.0,-28.0,-18.0,-55.0,-63.0,-25.0,6.0,-55.0,-72.0,-25.0,0.0,-70.0,-69.0,-25.0,-24.0
2018-11-11 17:33:05.078920|3.35290099324,-4.80726993788|-57.75,-50.5,-27.75,-19.0,-55.0,-62.75,-25.0,5.5,-55.0,-72.25,-25.0,0.0,-70.0,-69.5,-25.0,-24.5
2018-11-11 17:33:05.133962|0.149555699817,0.314068185778|-57.5,-50.0,-27.5,-20.0,-55.0,-62.5,-25.0,5.0,-55.0,-72.5,-25.0,0.0,-70.0,-70.0,-25.0,-25.0
2018-11-11 17:33:05.189014|-3.46344465053,0.220267365248|-57.25,-49.5,-27.25,-21.0,-55.0,-62.25,-25.0,4.5,-55.0,-72.75,-25.0,0.0,-70.0,-70.5,-25.0,-25.5
2018-11-11 17:33:05.244327|5.28168898241,-1.75834659513|-57.0,-49.0,-27.0,-22.0,-55.0,-62.0,-25.0,4.0,-55.0,-73.0,-25.0,0.0,-70.0,-71.0,-25.0,-26.0
2018-11-11 17:33:05.299731|-0.126813299838,-0.405805620949|-56.75,-48.5,-26.75,-23.0,-55.0,-61.75,-25.0,3.5,-55.0,-73.25,-25.0,0.0,-70.0,-71.5,-25.0,-26.5
2018-11-11 17:33:05.355010|5.16376290116,-1.15923896191|-56.5,-48.0,-26.5,-24.0,-55.0,-61.5,-25.0,3.0,-55.0,-73.5,-25.0,0.0,-70.0,-72.0,-25.0,-27.0
2018-11-11 17:33:05.410128|0.0790462364919,7.43140085899|-56.25,-47.5,-26.25,-25.0,-55.0,-61.25,-25.0,2.5,-55.0,-73.75,-25.0,0.0,-70.0,-72.5,-25.0,-27.5
2018-11-11 17:33:05.465630|-4.7716474355,8.79438087379|-56.0,-47.0,-26.0,-26.0,-55.0,-61.0,-25.0,2.0,-55.0,-74.0,-25.0,0.0,-70.0,-73.0,-25.0,-28.0
2018-11-11 17:33:05.520680|4.21656526266,-5.76373008483|-55.75,-46.5,-25.75,-27.0,-55.0,-60.75,-25.0,1.5,-55.0,-74.25,-25.0,0.0,-70.0,-73.5,-25.0,-28.5
2018-11-11 17:33:05.575766|3.18857447785,-6.42618723613|-55.5,-46.0,-25.5,-28.0,-55.0,-60.5,-25.0,1.0,-55.0,-74.5,-25.0,0.0,-70.0,-74.0,-25.0,-29.0
2018-11-11 17:33:05.630995|1.56044585512,-5.57247366936|-55.25,-45.5,-25.25,-29.0,-55.0,-60.25,-25.0,0.5,-55.0,-74.75,-25.0,0.0,-70.0,-74.5,-25.0,-29.5
2018-11-11 17:33:05.686181|6.22602882532,-7.08066992239|-55.0,-45.0,-25.0,-30.0,-55.0,-60.0,-25.0,0.0,-55.0,-75.0,-25.0,0.0,-70.0,-75.0,-25.0,-30.0
2018-11-11 17:33:05.741965|1.33092750097,0.12476333095|-55.0,-45.25,-25.0,-29.0,-55.0,-60.0,-25.0,-0.5,-55.0,-74.75,-25.0,0.0,-69.75,-74.75,-25.25,-30.0
2018-11-11 17:33:05.797118|-0.252267774329,-4.12392010295|-55.0,-45.5,-25.0,-28.0,-55.0,-60.0,-25.0,-1.0,-55.0,-74.5,-25.0,0.0,-69.5,-74.5,-25.5,-30.0
2018-11-11 17:33:05.852146|2.32655333899,-0.0775304915276|-55.0,-45.75,-25.0,-27.0,-55.0,-60.0,-25.0,-1.5,-55.0,-74.25,-25.0,0.0,-69.25,-74.25,-25.75,-30.0
2018-11-11 17:33:05.907252|2.58861585734,1.49833330794|-55.0,-46.0,-25.0,-26.0,-55.0,-60.0,-25.0,-2.0,-55.0,-74.0,-25.0,0.0,-69.0,-74.0,-26.0,-30.0
2018-11-11 17:33:05.962515|2.37073500539,-0.571611847233|-55.0,-46.25,-25.0,-25.0,-55.0,-60.0,-25.0,-2.5,-55.0,-73.75,-25.0,0.0,-68.75,-73.75,-26.25,-30.0
2018-11-11 17:33:06.017572|1.83691952152,-4.25557957901|-55.0,-46.5,-25.0,-24.0,-55.0,-60.0,-25.0,-3.0,-55.0,-73.5,-25.0,0.0,-68.5,-73.5,-26.5,-30.0
2018-11-11 17:33:06.072482|-1.07262447347,0.210996244944|-55.0,-46.75,-25.0,-23.0,-55.0,-60.0,-25.0,-3.5,-55.0,-73.25,-25.0,0.0,-68.25,-73.25,-26.75,-30.0
2018-11-11 17:33:06.127508|2.60917739562,2.60917739562|-55.0,-47.0,-25.0,-22.0,-55.0,-60.0,-25.0,-4.0,-55.0,-73.0,-25.0,0.0,-68.0,-73.0,-27.0,-30.0
2018-11-11 17:33:06.182515|4.66762461073,-6.42999765152|-55.0,-47.25,-25.0,-21.0,-55.0,-60.0,-25.0,-4.5,-55.0,-72.75,-25.0,0.0,-67.75,-72.75,-27.25,-30.0
2018-11-11 17:33:06.237581|0.0839039173694,-0.83906886486|-55.0,-47.5,-25.0,-20.0,-55.0,-60.0,-25.0,-5.0,-55.0,-72.5,-25.0,0.0,-67.5,-72.5,-27.5,-30.0
2018-11-11 17:33:06.292627|1.1823202844,-1.90346233317|-55.0,-47.75,-25.0,-19.0,-55.0,-60.0,-25.0,-5.5,-55.0,-72.25,-25.0,0.0,-67.25,-72.25,-27.75,-30.0
2018-11-11 17:33:06.347774|2.62939194733,-8.84125377564|-55.0,-48.0,-25.0,-18.0,-55.0,-60.0,-25.0,-6.0,-55.0,-72.0,-25.0,0.0,-67.0,-72.0,-28.0,-30.0
2018-11-11 17:33:06.402868|6.73680130458,-4.354846036|-55.0,-48.25,-25.0,-17.0,-55.0,-60.0,-25.0,-6.5,-55.0,-71.75,-25.0,0.0,-66.75,-71.75,-28.25,-30.0
2018-11-11 17:33:06.457887|0.0406902259262,3.80054050424|-55.0,-48.5,-25.0,-16.0,-55.0,-60.0,-25.0,-7.0,-55.0,-71.5,-25.0,0.0,-66.5,-71.5,-28.5,-30.0
2018-11-11 17:33:06.512898|4.09687476898,16.3106462132|-55.0,-48.75,-25.0,-15.0,-55.0,-60.0,-25.0,-7.5,-55.0,-71.25,-25.0,0.0,-66.25,-71.25,-28.75,-30.0
2018-11-11 17:33:06.567920|2.58896774704,-5.37341929293|-55.0,-49.0,-25.0,-14.0,-55.0,-60.0,-25.0,-8.0,-55.0,-71.0,-25.0,0.0,-66.0,-71.0,-29.0,-30.0
2018-11-11 17:33:06.622886|2.31018608664,-5.33850818174|-55.0,-49.25,-25.0,-13.0,-55.0,-60.0,-25.0,-8.5,-55.0,-70.75,-25.0,0.0,-65.75,-70.75,-29.25,-30.0
2018-11-11 17:33:06.678045|7.74708406911,-15.6405256945|-55.0,-49.5,-25.0,-12.0,-55.0,-60.0,-25.0,-9.0,-55.0,-70.5,-25.0,0.0,-65.5,-70.5,-29.5,-30.0
2018-11-11 17:33:06.733175|3.10546692003,-7.66632335945|-55.0,-49.75,-25.0,-11.0,-55.0,-60.0,-25.0,-9.5,-55.0,-70.25,-25.0,0.0,-65.25,-70.25,-29.75,-30.0
2018-11-11 17:33:06.788190|3.99202967636,-3.63580250604|-55.0,-50.0,-25.0,-10.0,-55.0,-60.0,-25.0,-10.0,-55.0,-70.0,-25.0,0.0,-65.0,-70.0,-30.0,-30.0
2018-11-11 17:33:06.843542|3.24399821541,-10.9573554252|-55.0,-50.25,-25.0,-9.0,-55.0,-60.0,-25.0,-10.5,-55.0,-69.75,-25.0,0.0,-64.75,-69.75,-30.25,-30.0
2018-11-11 17:33:06.898817|6.96273224392,7.03608402054|-55.0,-50.5,-25.0,-8.0,-55.0,-60.0,-25.0,-11.0,-55.0,-69.5,-25.0,0.0,-64.5,-69.5,-30.5,-30.0
2018-11-11 17:33:06.953868|5.03672801307,-3.74390726519|-55.0,-50.75,-25.0,-7.0,-55.0,-60.0,-25.0,-11.5,-55.0,-69.25,-25.0,0.0,-64.25,-69.25,-30.75,-30.0
2018-11-11 17:33:07.009065|1.48607321812,0.69247818892|-55.0,-51.0,-25.0,-6.0,-55.0,-60.0,-25.0,-12.0,-55.0,-69.0,-25.0,0.0,-64.0,-69.0,-31.0,-30.0
2018-11-11 17:33:07.066023|-1.30610315745,0.668557692243|-55.0,-51.25,-25.0,-5.0,-55.0,-60.0,-25.0,-12.5,-55.0,-68.75,-25.0,0.0,-63.75,-68.75,-31.25,-30.0
2018-11-11 17:33:07.120945|-2.28295688164,19.4450834273|-55.0,-51.5,-25.0,-4.0,-55.0,-60.0,-25.0,-13.0,-55.0,-68.5,-25.0,0.0,-63.5,-68.5,-31.5,-30.0
2018-11-11 17:33:07.176264|4.55780157212,-12.7747874638|-55.0,-51.75,-25.0,-3.0,-55.0,-60.0,-25.0,-13.5,-55.0,-68.25,-25.0,0.0,-63.25,-68.25,-31.75,-30.0
2018-11-11 17:33:07.231290|5.36656189764,-2.95179049332|-55.0,-52.0,-25.0,-2.0,-55.0,-60.0,-25.0,-14.0,-55.0,-68.0,-25.0,0.0,-63.0,-68.0,-32.0,-30.0
2018-11-11 17:33:07.286559|-2.79476014639,1.10242801165|-55.0,-52.25,-25.0,-1.0,-55.0,-60.0,-25.0,-14.5,-55.0,-67.75,-25.0,0.0,-62.75,-67.75,-32.25,-30.0
2018-11-11 17:33:07.341606|14.7135567853,-18.6768699602|-55.0,-52.5,-25.0,0.0,-55.0,-60.0,-25.0,-15.0,-55.0,-67.5,-25.0,0.0,-62.5,-67.5,-32.5,-30.0
2018-11-11 17:33:07.396637|3.90689679085,-1.94615162505|-55.0,-52.75,-25.0,1.0,-55.0,-60.0,-25.0,-15.5,-55.0,-67.25,-25.0,0.0,-62.25,-67.25,-32.75,-30.0
2018-11-11 17:33:07.452147|0.448166890715,0.419252363907|-55.0,-53.0,-25.0,2.0,-55.0,-60.0,-25.0,-16.0,-55.0,-67.0,-25.0,0.0,-62.0,-67.0,-33.0,-30.0
2018-11-11 17:33:07.507223|4.55488447013,-9.27750946483|-55.0,-53.25,-25.0,3.0,-55.0,-60.0,-25.0,-16.5,-55.0,-66.75,-25.0,0.0,-61.75,-66.75,-33.25,-30.0
2018-11-11 17:33:07.562234|5.54522713457,3.62983835808|-55.0,-53.5,-25.0,4.0,-55.0,-60.0,-25.0,-17.0,-55.0,-66.5,-25.0,0.0,-61.5,-66.5,-33.5,-30.0
2018-11-11 17:33:07.617268|-1.21017424471,3.908999994|-55.0,-53.75,-25.0,5.0,-55.0,-60.0,-25.0,-17.5,-55.0,-66.25,-25.0,0.0,-61.25,-66.25,-33.75,-30.0
2018-11-11 17:33:07.672291|6.37710021933,-8.52177644476|-55.0,-54.0,-25.0,6.0,-55.0,-60.0,-25.0,-18.0,-55.0,-66.0,-25.0,0.0,-61.0,-66.0,-34.0,-30.0
2018-11-11 17:33:07.728218|0.0,-4.92427665969|-55.0,-54.25,-25.0,7.0,-55.0,-60.0,-25.0,-18.5,-55.0,-65.75,-25.0,0.0,-60.75,-65.75,-34.25,-30.0
2018-11-11 17:33:07.784342|1.00438713353,-6.31416939805|-55.0,-54.5,-25.0,8.0,-55.0,-60.0,-25.0,-19.0,-55.0,-65.5,-25.0,0.0,-60.5,-65.5,-34.5,-30.0
2018-11-11 17:33:07.840690|0.261398852695,0.0490121208317|-55.0,-54.75,-25.0,9.0,-55.0,-60.0,-25.0,-19.5,-55.0,-65.25,-25.0,0.0,-60.25,-65.25,-34.75,-30.0
2018-11-11 17:33:07.896366|2.8796900816,-0.515102974966|-55.0,-55.0,-25.0,10.0,-55.0,-60.0,-25.0,-20.0,-55.0,-65.0,-25.0,0.0,-60.0,-65.0,-35.0,-30.0
2018-11-11 17:33:07.952177|2.09666449437,-8.42876666861|-55.0,-55.25,-25.0,11.0,-55.0,-60.0,-25.0,-20.5,-55.0,-64.75,-25.0,0.0,-59.75,-64.75,-35.25,-30.0
2018-11-11 17:33:08.008163|3.78540779105,-7.83487572546|-55.0,-55.5,-25.0,12.0,-55.0,-60.0,-25.0,-21.0,-55.0,-64.5,-25.0,0.0,-59.5,-64.5,-35.5,-30.0
2018-11-11 17:33:08.064072|3.68428607733,0.8336326415|-55.0,-55.75,-25.0,13.0,-55.0,-60.0,-25.0,-21.5,-55.0,-64.25,-25.0,0.0,-59.25,-64.25,-35.75,-30.0
2018-11-11 17:33:08.120024|1.53534214499,-10.1672607814|-55.0,-56.0,-25.0,14.0,-55.0,-60.0,-25.0,-22.0,-55.0,-64.0,-25.0,0.0,-59.0,-64.0,-36.0,-30.0
2018-11-11 17:33:08.176251|1.74997337057,-3.73930413201|-55.0,-56.25,-25.0,15.0,-55.0,-60.0,-25.0,-22.5,-55.0,-63.75,-25.0,0.0,-58.75,-63.75,-36.25,-30.0
2018-11-11 17:33:08.236745|2.91774686671,-9.09556419775|-55.0,-56.5,-25.0,16.0,-55.0,-60.0,-25.0,-23.0,-55.0,-63.5,-25.0,0.0,-58.5,-63.5,-36.5,-30.0
2018-11-11 17:33:08.292609|1.06180165053,-1.07634857833|-55.0,-56.75,-25.0,17.0,-55.0,-60.0,-25.0,-23.5,-55.0,-63.25,-25.0,0.0,-58.25,-63.25,-36.75,-30.0
2018-11-11 17:33:08.348579|-0.741560101462,-4.31985083275|-55.0,-57.0,-25.0,18.0,-55.0,-60.0,-25.0,-24.0,-55.0,-63.0,-25.0,0.0,-58.0,-63.0,-37.0,-30.0
2018-11-11 17:33:08.404612|-1.5057146078,3.08259470599|-55.0,-57.25,-25.0,19.0,-55.0,-60.0,-25.0,-24.5,-55.0,-62.75,-25.0,0.0,-57.75,-62.75,-37.25,-30.0
2018-11-11 17:33:08.460546|0.666114686577,-23.4124631289|-55.0,-57.5,-25.0,20.0,-55.0,-60.0,-25.0,-25.0,-55.0,-62.5,-25.0,0.0,-57.5,-62.5,-37.5,-30.0
2018-11-11 17:33:08.516562|3.80356767351,-5.33179286667|-55.0,-57.75,-25.0,21.0,-55.0,-60.0,-25.0,-25.5,-55.0,-62.25,-25.0,0.0,-57.25,-62.25,-37.75,-30.0
2018-11-11 17:33:08.572668|1.65795735082,-6.61545246877|-55.0,-58.0,-25.0,22.0,-55.0,-60.0,-25.0,-26.0,-55.0,-62.0,-25.0,0.0,-57.0,-62.0,-38.0,-30.0
2018-11-11 17:33:08.629504|-1.01637724447,-9.07593173299|-55.0,-58.25,-25.0,23.0,-55.0,-60.0,-25.0,-26.5,-55.0,-61.75,-25.0,0.0,-56.75,-61.75,-38.25,-30.0
2018-11-11 17:33:08.685436|3.37683082496,-4.1110271022|-55.0,-58.5,-25.0,24.0,-55.0,-60.0,-25.0,-27.0,-55.0,-61.5,-25.0,0.0,-56.5,-61.5,-38.5,-30.0
2018-11-11 17:33:08.741311|3.69898334516,-13.3677543178|-55.0,-58.75,-25.0,25.0,-55.0,-60.0,-25.0,-27.5,-55.0,-61.25,-25.0,0.0,-56.25,-61.25,-38.75,-30.0
2018-11-11 17:33:08.797243|12.1509357355,-14.8429539151|-55.0,-59.0,-25.0,26.0,-55.0,-60.0,-25.0,-28.0,-55.0,-61.0,-25.0,0.0,-56.0,-61.0,-39.0,-30.0
2018-11-11 17:33:08.853275|3.23800814588,-11.395200347|-55.0,-59.25,-25.0,27.0,-55.0,-60.0,-25.0,-28.5,-55.0,-60.75,-25.0,0.0,-55.75,-60.75,-39.25,-30.0
2018-11-11 17:33:08.909290|6.6012638951,-1.91747574573|-55.0,-59.5,-25.0,28.0,-55.0,-60.0,-25.0,-29.0,-55.0,-60.5,-25.0,0.0,-55.5,-60.5,-39.5,-30.0
2018-11-11 17:33:08.965430|8.77181707992,2.68370625659|-55.0,-59.75,-25.0,29.0,-55.0,-60.0,-25.0,-29.5,-55.0,-60.25,-25.0,0.0,-55.25,-60.25,-39.75,-30.0
2018-11-11 17:33:09.021291|8.14641229299,-13.0505623798|-55.0,-60.0,-25.0,30.0,-55.0,-60.0,-25.0,-30.0,-55.0,-60.0,-25.0,0.0,-55.0,-60.0,-40.0,-30.0
2018-11-11 17:33:09.078472|5.45076469485,-7.49970564625|-55.0,-59.5,-24.5,30.0,-55.0,-60.5,-25.0,-29.0,-55.0,-59.5,-25.0,0.0,-55.5,-60.0,-39.5,-29.0
2018-11-11 17:33:09.134460|6.60836269232,-1.33644860707|-55.0,-59.0,-24.0,30.0,-55.0,-61.0,-25.0,-28.0,-55.0,-59.0,-25.0,0.0,-56.0,-60.0,-39.0,-28.0
2018-11-11 17:33:09.190354|9.24908880347,-5.37272981039|-55.0,-58.5,-23.5,30.0,-55.0,-61.5,-25.0,-27.0,-55.0,-58.5,-25.0,0.0,-56.5,-60.0,-38.5,-27.0
2018-11-11 17:33:09.246817|5.37028764886,-6.3392329291|-55.0,-58.0,-23.0,30.0,-55.0,-62.0,-25.0,-26.0,-55.0,-58.0,-25.0,0.0,-57.0,-60.0,-38.0,-26.0
2018-11-11 17:33:09.302788|-0.132481879257,-9.13015186644|-55.0,-57.5,-22.5,30.0,-55.0,-62.5,-25.0,-25.0,-55.0,-57.5,-25.0,0.0,-57.5,-60.0,-37.5,-25.0
2018-11-11 17:33:09.358884|5.94918320487,-8.23260914244|-55.0,-57.0,-22.0,30.0,-55.0,-63.0,-25.0,-24.0,-55.0,-57.0,-25.0,0.0,-58.0,-60.0,-37.0,-24.0
2018-11-11 17:33:09.414917|7.90267210615,-2.36674837276|-55.0,-56.5,-21.5,30.0,-55.0,-63.5,-25.0,-23.0,-55.0,-56.5,-25.0,0.0,-58.5,-60.0,-36.5,-23.0
2018-11-11 17:33:09.470842|8.93447490653,-11.1978543233|-55.0,-56.0,-21.0,30.0,-55.0,-64.0,-25.0,-22.0,-55.0,-56.0,-25.0,0.0,-59.0,-60.0,-36.0,-22.0
2018-11-11 17:33:09.527183|5.00445756907,-2.56868994354|-55.0,-55.5,-20.5,30.0,-55.0,-64.5,-25.0,-21.0,-55.0,-55.5,-25.0,0.0,-59.5,-60.0,-35.5,-21.0
2018-11-11 17:33:09.583086|0.431271331635,-3.17270394701|-55.0,-55.0,-20.0,30.0,-55.0,-65.0,-25.0,-20.0,-55.0,-55.0,-25.0,0.0,-60.0,-60.0,-35.0,-20.0
2018-11-11 17:33:09.638987|8.1683937117,-15.2464327832|-55.0,-54.5,-19.5,30.0,-55.0,-65.5,-25.0,-19.0,-55.0,-54.5,-25.0,0.0,-60.5,-60.0,-34.5,-19.0
2018-11-11 17:33:09.695135|5.83132319146,-3.73347480017|-55.0,-54.0,-19.0,30.0,-55.0,-66.0,-25.0,-18.0,-55.0,-54.0,-25.0,0.0,-61.0,-60.0,-34.0,-18.0
2018-11-11 17:33:09.751443|8.7384919256,-7.11247621196|-55.0,-53.5,-18.5,30.0,-55.0,-66.5,-25.0,-17.0,-55.0,-53.5,-25.0,0.0,-61.5,-60.0,-33.5,-17.0
2018-11-11 17:33:09.807225|8.53067494293,-9.565323836|-55.0,-53.0,-18.0,30.0,-55.0,-67.0,-25.0,-16.0,-55.0,-53.0,-25.0,0.0,-62.0,-60.0,-33.0,-16.0
2018-11-11 17:33:09.863411|9.32712635606,-4.08156957073|-55.0,-52.5,-17.5,30.0,-55.0,-67.5,-25.0,-15.0,-55.0,-52.5,-25.0,0.0,-62.5,-60.0,-32.5,-15.0
2018-11-11 17:33:09.919348|5.24845008719,1.17302228112|-55.0,-52.0,-17.0,30.0,-55.0,-68.0,-25.0,-14.0,-55.0,-52.0,-25.0,0.0,-63.0,-60.0,-32.0,-14.0
2018-11-11 17:33:09.975757|0.768859830094,-4.89232751881|-55.0,-51.5,-16.5,30.0,-55.0,-68.5,-25.0,-13.0,-55.0,-51.5,-25.0,0.0,-63.5,-60.0,-31.5,-13.0
2018-11-11 17:33:10.031692|7.22406228431,-7.17617962053|-55.0,-51.0,-16.0,30.0,-55.0,-69.0,-25.0,-12.0,-55.0,-51.0,-25.0,0.0,-64.0,-60.0,-31.0,-12.0
2018-11-11 17:33:10.087790|7.78978697913,-2.5261666347|-55.0,-50.5,-15.5,30.0,-55.0,-69.5,-25.0,-11.0,-55.0,-50.5,-25.0,0.0,-64.5,-60.0,-30.5,-11.0
2018-11-11 17:33:10.144634|7.35809083573,-5.74188634482|-55.0,-50.0,-15.0,30.0,-55.0,-70.0,-25.0,-10.0,-55.0,-50.0,-25.0,0.0,-65.0,-60.0,-30.0,-10.0
2018-11-11 17:33:10.200459|5.39600415429,0.680761875035|-55.0,-49.5,-14.5,30.0,-55.0,-70.5,-25.0,-9.0,-55.0,-49.5,-25.0,0.0,-65.5,-60.0,-29.5,-9.0
2018-11-11 17:33:10.256398|7.04067510274,2.38265652761|-55.0,-49.0,-14.0,30.0,-55.0,-71.0,-25.0,-8.0,-55.0,-49.0,-25.0,0.0,-66.0,-60.0,-29.0,-8.0
2018-11-11 17:33:10.312249|4.85784599273,-9.99065085356|-55.0,-48.5,-13.5,30.0,-55.0,-71.5,-25.0,-7.0,-55.0,-48.5,-25.0,0.0,-66.5,-60.0,-28.5,-7.0
2018-11-11 17:33:10.368117|3.09996847556,-5.99945341456|-55.0,-48.0,-13.0,30.0,-55.0,-72.0,-25.0,-6.0,-55.0,-48.0,-25.0,0.0,-67.0,-60.0,-28.0,-6.0
2018-11-11 17:33:10.423942|5.73762239771,-16.408558106|-55.0,-47.5,-12.5,30.0,-55.0,-72.5,-25.0,-5.0,-55.0,-47.5,-25.0,0.0,-67.5,-60.0,-27.5,-5.0
2018-11-11 17:33:10.479947|-16.2804859759,-4.98559818988|-55.0,-47.0,-12.0,30.0,-55.0,-73.0,-25.0,-4.0,-55.0,-47.0,-25.0,0.0,-68.0,-60.0,-27.0,-4.0
2018-11-11 17:33:10.535815|4.79172781295,1.66226230616|-55.0,-46.5,-11.5,30.0,-55.0,-73.5,-25.0,-3.0,-55.0,-46.5,-25.0,0.0,-68.5,-60.0,-26.5,-3.0
2018-11-11 17:33:10.591677|-13.6112488872,-8.59568449924|-55.0,-46.0,-11.0,30.0,-55.0,-74.0,-25.0,-2.0,-55.0,-46.0,-25.0,0.0,-69.0,-60.0,-26.0,-2.0
2018-11-11 17:33:10.647539|-3.12988541407,-9.07529505151|-55.0,-45.5,-10.5,30.0,-55.0,-74.5,-25.0,-1.0,-55.0,-45.5,-25.0,0.0,-69.5,-60.0,-25.5,-1.0
2018-11-11 17:33:10.703373|-0.378242561263,-12.4595322725|-55.0,-45.0,-10.0,30.0,-55.0,-75.0,-25.0,0.0,-55.0,-45.0,-25.0,0.0,-70.0,-60.0,-25.0,0.0
2018-11-11 17:33:10.759525|1.72689939408,-4.76037016222|-55.0,-45.5,-10.0,29.0,-55.0,-75.0,-25.5,0.0,-55.0,-45.5,-25.0,-1.0,-69.5,-60.0,-25.0,0.0
2018-11-11 17:33:10.815485|-1.67461172144,-5.27925608114|-55.0,-46.0,-10.0,28.0,-55.0,-75.0,-26.0,0.0,-55.0,-46.0,-25.0,-2.0,-69.0,-60.0,-25.0,0.0
2018-11-11 17:33:10.872639|3.77627731785,-6.36191825356|-55.0,-46.5,-10.0,27.0,-55.0,-75.0,-26.5,0.0,-55.0,-46.5,-25.0,-3.0,-68.5,-60.0,-25.0,0.0
2018-11-11 17:33:10.928516|2.93245571683,-5.28091313236|-55.0,-47.0,-10.0,26.0,-55.0,-75.0,-27.0,0.0,-55.0,-47.0,-25.0,-4.0,-68.0,-60.0,-25.0,0.0
2018-11-11 17:33:10.984260|5.77693277434,-4.52653951764|-55.0,-47.5,-10.0,25.0,-55.0,-75.0,-27.5,0.0,-55.0,-47.5,-25.0,-5.0,-67.5,-60.0,-25.0,0.0
2018-11-11 17:33:11.040061|0.721227081283,-8.1697147016|-55.0,-48.0,-10.0,24.0,-55.0,-75.0,-28.0,0.0,-55.0,-48.0,-25.0,-6.0,-67.0,-60.0,-25.0,0.0
2018-11-11 17:33:11.095944|1.49655470681,-3.70345793866|-55.0,-48.5,-10.0,23.0,-55.0,-75.0,-28.5,0.0,-55.0,-48.5,-25.0,-7.0,-66.5,-60.0,-25.0,0.0
2018-11-11 17:33:11.151679|-0.270128792769,-5.84790969969|-55.0,-49.0,-10.0,22.0,-55.0,-75.0,-29.0,0.0,-55.0,-49.0,-25.0,-8.0,-66.0,-60.0,-25.0,0.0
2018-11-11 17:33:11.207909|-1.81883273806,0.593008611457|-55.0,-49.5,-10.0,21.0,-55.0,-75.0,-29.5,0.0,-55.0,-49.5,-25.0,-9.0,-65.5,-60.0,-25.0,0.0
2018-11-11 17:33:11.263592|-1.39955204527,-0.458219718538|-55.0,-50.0,-10.0,20.0,-55.0,-75.0,-30.0,0.0,-55.0,-50.0,-25.0,-10.0,-65.0,-60.0,-25.0,0.0
2018-11-11 17:33:11.319402|3.03843563355,-7.64410990403|-55.0,-50.5,-10.0,19.0,-55.0,-75.0,-30.5,0.0,-55.0,-50.5,-25.0,-11.0,-64.5,-60.0,-25.0,0.0
2018-11-11 17:33:11.375407|2.90681402996,-7.5390464039|-55.0,-51.0,-10.0,18.0,-55.0,-75.0,-31.0,0.0,-55.0,-51.0,-25.0,-12.0,-64.0,-60.0,-25.0,0.0
2018-11-11 17:33:11.431182|4.97663695942,-3.93918515149|-55.0,-51.5,-10.0,17.0,-55.0,-75.0,-31.5,0.0,-55.0,-51.5,-25.0,-13.0,-63.5,-60.0,-25.0,0.0
2018-11-11 17:33:11.486947|1.17931016754,-3.59827896871|-55.0,-52.0,-10.0,16.0,-55.0,-75.0,-32.0,0.0,-55.0,-52.0,-25.0,-14.0,-63.0,-60.0,-25.0,0.0
2018-11-11 17:33:11.542711|-2.09741960495,6.28708038441|-55.0,-52.5,-10.0,15.0,-55.0,-75.0,-32.5,0.0,-55.0,-52.5,-25.0,-15.0,-62.5,-60.0,-25.0,0.0
2018-11-11 17:33:11.598414|0.758090606842,-0.224613460645|-55.0,-53.0,-10.0,14.0,-55.0,-75.0,-33.0,0.0,-55.0,-53.0,-25.0,-16.0,-62.0,-60.0,-25.0,0.0
2018-11-11 17:33:11.654161|0.974898882143,-6.7560493186|-55.0,-53.5,-10.0,13.0,-55.0,-75.0,-33.5,0.0,-55.0,-53.5,-25.0,-17.0,-61.5,-60.0,-25.0,0.0
2018-11-11 17:33:11.710048|1.10437065375,-7.22470246351|-55.0,-54.0,-10.0,12.0,-55.0,-75.0,-34.0,0.0,-55.0,-54.0,-25.0,-18.0,-61.0,-60.0,-25.0,0.0
2018-11-11 17:33:11.765969|-1.02015310442,-1.53033075249|-55.0,-54.5,-10.0,11.0,-55.0,-75.0,-34.5,0.0,-55.0,-54.5,-25.0,-19.0,-60.5,-60.0,-25.0,0.0
2018-11-11 17:33:11.821666|-2.55791377628,-9.75623165994|-55.0,-55.0,-10.0,10.0,-55.0,-75.0,-35.0,0.0,-55.0,-55.0,-25.0,-20.0,-60.0,-60.0,-25.0,0.0
2018-11-11 17:33:11.877427|0.225343009377,0.782095068263|-55.0,-55.5,-10.0,9.0,-55.0,-75.0,-35.5,0.0,-55.0,-55.5,-25.0,-21.0,-59.5,-60.0,-25.0,0.0
2018-11-11 17:33:11.933424|1.82524333366,-5.2916586563|-55.0,-56.0,-10.0,8.0,-55.0,-75.0,-36.0,0.0,-55.0,-56.0,-25.0,-22.0,-59.0,-60.0,-25.0,0.0
2018-11-11 17:33:11.989198|0.469668281978,3.53182501264|-55.0,-56.5,-10.0,7.0,-55.0,-75.0,-36.5,0.0,-55.0,-56.5,-25.0,-23.0,-58.5,-60.0,-25.0,0.0
2018-11-11 17:33:12.045049|2.24418990143,4.78543964158|-55.0,-57.0,-10.0,6.0,-55.0,-75.0,-37.0,0.0,-55.0,-57.0,-25.0,-24.0,-58.0,-60.0,-25.0,0.0
2018-11-11 17:33:12.100787|-1.23588385141,-3.32304297306|-55.0,-57.5,-10.0,5.0,-55.0,-75.0,-37.5,0.0,-55.0,-57.5,-25.0,-25.0,-57.5,-60.0,-25.0,0.0
2018-11-11 17:33:12.156578|2.3681175809,-4.93967034471|-55.0,-58.0,-10.0,4.0,-55.0,-75.0,-38.0,0.0,-55.0,-58.0,-25.0,-26.0,-57.0,-60.0,-25.0,0.0
2018-11-11 17:33:12.212261|-0.888996616166,2.42385839684|-55.0,-58.5,-10.0,3.0,-55.0,-75.0,-38.5,0.0,-55.0,-58.5,-25.0,-27.0,-56.5,-60.0,-25.0,0.0
2018-11-11 17:33:12.268227|1.79394767941,-0.777274159877|-55.0,-59.0,-10.0,2.0,-55.0,-75.0,-39.0,0.0,-55.0,-59.0,-25.0,-28.0,-56.0,-60.0,-25.0,0.0
2018-11-11 17:33:12.323931|-3.64326696734,5.0290212533|-55.0,-59.5,-10.0,1.0,-55.0,-75.0,-39.5,0.0,-55.0,-59.5,-25.0,-29.0,-55.5,-60.0,-25.0,0.0
2018-11-11 17:33:12.379697|-22.7521143213,-32.2340851285|-55.0,-60.0,-10.0,0.0,-55.0,-75.0,-40.0,0.0,-55.0,-60.0,-25.0,-30.0,-55.0,-60.0,-25.0,0.0
2018-11-11 17:33:12.436091|26.7667089656,-12.2765383174|-55.0,-60.0,-10.0,0.0,-55.5,-74.5,-40.0,0.0,-54.5,-60.0,-25.5,-29.0,-55.0,-60.0,-24.5,-1.0
2018-11-11 17:33:12.491900|-5.85084045342,-0.293797928454|-55.0,-60.0,-10.0,0.0,-56.0,-74.0,-40.0,0.0,-54.0,-60.0,-26.0,-28.0,-55.0,-60.0,-24.0,-2.0
2018-11-11 17:33:12.547702|7.33962443103,3.70443047307|-55.0,-60.0,-10.0,0.0,-56.5,-73.5,-40.0,0.0,-53.5,-60.0,-26.5,-27.0,-55.0,-60.0,-23.5,-3.0
2018-11-11 17:33:12.603457|-9.82765781386,-19.7441446569|-55.0,-60.0,-10.0,0.0,-57.0,-73.0,-40.0,0.0,-53.0,-60.0,-27.0,-26.0,-55.0,-60.0,-23.0,-4.0
2018-11-11 17:33:12.659135|10.0351876152,17.9892512489|-55.0,-60.0,-10.0,0.0,-57.5,-72.5,-40.0,0.0,-52.5,-60.0,-27.5,-25.0,-55.0,-60.0,-22.5,-5.0
2018-11-11 17:33:12.715098|-2.60009133341,-4.6465182702|-55.0,-60.0,-10.0,0.0,-58.0,-72.0,-40.0,0.0,-52.0,-60.0,-28.0,-24.0,-55.0,-60.0,-22.0,-6.0
2018-11-11 17:33:12.770890|10.4510556221,1.44796278153|-55.0,-60.0,-10.0,0.0,-58.5,-71.5,-40.0,0.0,-51.5,-60.0,-28.5,-23.0,-55.0,-60.0,-21.5,-7.0
2018-11-11 17:33:12.826763|-0.53865450519,-2.50976155171|-55.0,-60.0,-10.0,0.0,-59.0,-71.0,-40.0,0.0,-51.0,-60.0,-29.0,-22.0,-55.0,-60.0,-21.0,-8.0
2018-11-11 17:33:12.882567|0.527257815956,0.662843827392|-55.0,-60.0,-10.0,0.0,-59.5,-70.5,-40.0,0.0,-50.5,-60.0,-29.5,-21.0,-55.0,-60.0,-20.5,-9.0
2018-11-11 17:33:12.938395|2.63188707742,2.36558133243|-55.0,-60.0,-10.0,0.0,-60.0,-70.0,-40.0,0.0,-50.0,-60.0,-30.0,-20.0,-55.0,-60.0,-20.0,-10.0
2018-11-11 17:33:12.994590|0.824087016708,4.07878855638|-55.0,-60.0,-10.0,0.0,-60.5,-69.5,-40.0,0.0,-49.5,-60.0,-30.5,-19.0,-55.0,-60.0,-19.5,-11.0
2018-11-11 17:33:13.050382|-0.534233157537,-2.5998265146|-55.0,-60.0,-10.0,0.0,-61.0,-69.0,-40.0,0.0,-49.0,-60.0,-31.0,-18.0,-55.0,-60.0,-19.0,-12.0
2018-11-11 17:33:13.106272|-0.129799450486,-1.70206389125|-55.0,-60.0,-10.0,0.0,-61.5,-68.5,-40.0,0.0,-48.5,-60.0,-31.5,-17.0,-55.0,-60.0,-18.5,-13.0
2018-11-11 17:33:13.162055|-6.72867598131,1.68199282272|-55.0,-60.0,-10.0,0.0,-62.0,-68.0,-40.0,0.0,-48.0,-60.0,-32.0,-16.0,-55.0,-60.0,-18.0,-14.0
2018-11-11 17:33:13.217830|0.27734026923,3.86937507594|-55.0,-60.0,-10.0,0.0,-62.5,-67.5,-40.0,0.0,-47.5,-60.0,-32.5,-15.0,-55.0,-60.0,-17.5,-15.0
2018-11-11 17:33:13.278878|4.77695193005,-6.28456623214|-55.0,-60.0,-10.0,0.0,-63.0,-67.0,-40.0,0.0,-47.0,-60.0,-33.0,-14.0,-55.0,-60.0,-17.0,-16.0
2018-11-11 17:33:13.334774|-0.610176361992,4.82443649594|-55.0,-60.0,-10.0,0.0,-63.5,-66.5,-40.0,0.0,-46.5,-60.0,-33.5,-13.0,-55.0,-60.0,-16.5,-17.0
2018-11-11 17:33:13.390792|-6.850263955,5.69042293899|-55.0,-60.0,-10.0,0.0,-64.0,-66.0,-40.0,0.0,-46.0,-60.0,-34.0,-12.0,-55.0,-60.0,-16.0,-18.0
2018-11-11 17:33:13.447010|-2.55957272229,-3.51011985387|-55.0,-60.0,-10.0,0.0,-64.5,-65.5,-40.0,0.0,-45.5,-60.0,-34.5,-11.0,-55.0,-60.0,-15.5,-19.0
2018-11-11 17:33:13.502935|-2.85837842994,-1.35608256227|-55.0,-60.0,-10.0,0.0,-65.0,-65.0,-40.0,0.0,-45.0,-60.0,-35.0,-10.0,-55.0,-60.0,-15.0,-20.0
2018-11-11 17:33:13.558861|-5.01103327423,4.75706695396|-55.0,-60.0,-10.0,0.0,-65.5,-64.5,-40.0,0.0,-44.5,-60.0,-35.5,-9.0,-55.0,-60.0,-14.5,-21.0
2018-11-11 17:33:13.614824|-3.28717667785,8.57698344206|-55.0,-60.0,-10.0,0.0,-66.0,-64.0,-40.0,0.0,-44.0,-60.0,-36.0,-8.0,-55.0,-60.0,-14.0,-22.0
2018-11-11 17:33:13.670784|2.16025610646,-2.42673966272|-55.0,-60.0,-10.0,0.0,-66.5,-63.5,-40.0,0.0,-43.5,-60.0,-36.5,-7.0,-55.0,-60.0,-13.5,-23.0
2018-11-11 17:33:13.727140|0.556474356549,2.15048563156|-55.0,-60.0,-10.0,0.0,-67.0,-63.0,-40.0,0.0,-43.0,-60.0,-37.0,-6.0,-55.0,-60.0,-13.0,-24.0
2018-11-11 17:33:13.783064|-3.10580455342,-2.70317720733|-55.0,-60.0,-10.0,0.0,-67.5,-62.5,-40.0,0.0,-42.5,-60.0,-37.5,-5.0,-55.0,-60.0,-12.5,-25.0
2018-11-11 17:33:13.838851|-7.54306054731,2.95610379719|-55.0,-60.0,-10.0,0.0,-68.0,-62.0,-40.0,0.0,-42.0,-60.0,-38.0,-4.0,-55.0,-60.0,-12.0,-26.0
2018-11-11 17:33:13.895085|2.78857410192,3.65836376022|-55.0,-60.0,-10.0,0.0,-68.5,-61.5,-40.0,0.0,-41.5,-60.0,-38.5,-3.0,-55.0,-60.0,-11.5,-27.0
2018-11-11 17:33:13.950907|-6.47883880365,0.629503476059|-55.0,-60.0,-10.0,0.0,-69.0,-61.0,-40.0,0.0,-41.0,-60.0,-39.0,-2.0,-55.0,-60.0,-11.0,-28.0
2018-11-11 17:33:14.006778|-6.53900279745,-0.768700126202|-55.0,-60.0,-10.0,0.0,-69.5,-60.5,-40.0,0.0,-40.5,-60.0,-39.5,-1.0,-55.0,-60.0,-10.5,-29.0
2018-11-11 17:33:14.062597|-1.99007886617,3.18241504015|-55.0,-60.0,-10.0,0.0,-70.0,-60.0,-40.0,0.0,-40.0,-60.0,-40.0,0.0,-55.0,-60.0,-10.0,-30.0
2018-11-11 17:33:14.119882|-2.89150618977,-0.829646105164|-55.0,-60.0,-10.5,0.0,-70.0,-60.0,-39.5,0.0,-40.0,-60.0,-39.5,1.0,-55.0,-59.5,-10.5,-29.0
2018-11-11 17:33:14.175822|3.26449994758,2.73752799186|-55.0,-60.0,-11.0,0.0,-70.0,-60.0,-39.0,0.0,-40.0,-60.0,-39.0,2.0,-55.0,-59.0,-11.0,-28.0
2018-11-11 17:33:14.231581|-1.13967146713,-1.99469646308|-55.0,-60.0,-11.5,0.0,-70.0,-60.0,-38.5,0.0,-40.0,-60.0,-38.5,3.0,-55.0,-58.5,-11.5,-27.0
2018-11-11 17:33:14.287377|-2.47077174485,6.39284223407|-55.0,-60.0,-12.0,0.0,-70.0,-60.0,-38.0,0.0,-40.0,-60.0,-38.0,4.0,-55.0,-58.0,-12.0,-26.0
2018-11-11 17:33:14.343129|-6.31119353265,2.92386947234|-55.0,-60.0,-12.5,0.0,-70.0,-60.0,-37.5,0.0,-40.0,-60.0,-37.5,5.0,-55.0,-57.5,-12.5,-25.0
2018-11-11 17:33:14.398868|-3.22013268633,-2.02101719932|-55.0,-60.0,-13.0,0.0,-70.0,-60.0,-37.0,0.0,-40.0,-60.0,-37.0,6.0,-55.0,-57.0,-13.0,-24.0
2018-11-11 17:33:14.455038|-6.91366420631,1.08261563544|-55.0,-60.0,-13.5,0.0,-70.0,-60.0,-36.5,0.0,-40.0,-60.0,-36.5,7.0,-55.0,-56.5,-13.5,-23.0
2018-11-11 17:33:14.511400|-4.83295087362,-4.6698153774|-55.0,-60.0,-14.0,0.0,-70.0,-60.0,-36.0,0.0,-40.0,-60.0,-36.0,8.0,-55.0,-56.0,-14.0,-22.0
2018-11-11 17:33:14.567071|-3.12619783952,3.97275951422|-55.0,-60.0,-14.5,0.0,-70.0,-60.0,-35.5,0.0,-40.0,-60.0,-35.5,9.0,-55.0,-55.5,-14.5,-21.0
2018-11-11 17:33:14.622849|-3.3085429933,7.4394057051|-55.0,-60.0,-15.0,0.0,-70.0,-60.0,-35.0,0.0,-40.0,-60.0,-35.0,10.0,-55.0,-55.0,-15.0,-20.0
2018-11-11 17:33:14.678890|-1.33548164172,-0.175705633251|-55.0,-60.0,-15.5,0.0,-70.0,-60.0,-34.5,0.0,-40.0,-60.0,-34.5,11.0,-55.0,-54.5,-15.5,-19.0
2018-11-11 17:33:14.734853|-4.7749116442,-2.00448329959|-55.0,-60.0,-16.0,0.0,-70.0,-60.0,-34.0,0.0,-40.0,-60.0,-34.0,12.0,-55.0,-54.0,-16.0,-18.0
2018-11-11 17:33:14.790612|2.35969694442,9.03115184746|-55.0,-60.0,-16.5,0.0,-70.0,-60.0,-33.5,0.0,-40.0,-60.0,-33.5,13.0,-55.0,-53.5,-16.5,-17.0
2018-11-11 17:33:14.846422|-2.47928623834,1.31313650474|-55.0,-60.0,-17.0,0.0,-70.0,-60.0,-33.0,0.0,-40.0,-60.0,-33.0,14.0,-55.0,-53.0,-17.0,-16.0
2018-11-11 17:33:14.902196|0.311767247075,3.9000824508|-55.0,-60.0,-17.5,0.0,-70.0,-60.0,-32.5,0.0,-40.0,-60.0,-32.5,15.0,-55.0,-52.5,-17.5,-15.0
2018-11-11 17:33:14.958017|-0.333407538327,0.438695939982|-55.0,-60.0,-18.0,0.0,-70.0,-60.0,-32.0,0.0,-40.0,-60.0,-32.0,16.0,-55.0,-52.0,-18.0,-14.0
2018-11-11 17:33:15.013798|-1.73533565328,7.9973518768|-55.0,-60.0,-18.5,0.0,-70.0,-60.0,-31.5,0.0,-40.0,-60.0,-31.5,17.0,-55.0,-51.5,-18.5,-13.0
2018-11-11 17:33:15.069743|-0.43108271692,4.08330715406|-55.0,-60.0,-19.0,0.0,-70.0,-60.0,-31.0,0.0,-40.0,-60.0,-31.0,18.0,-55.0,-51.0,-19.0,-12.0
2018-11-11 17:33:15.125856|2.34144391742,-1.2213754188|-55.0,-60.0,-19.5,0.0,-70.0,-60.0,-30.5,0.0,-40.0,-60.0,-30.5,19.0,-55.0,-50.5,-19.5,-11.0
2018-11-11 17:33:15.181753|0.803930743968,-2.44461091017|-55.0,-60.0,-20.0,0.0,-70.0,-60.0,-30.0,0.0,-40.0,-60.0,-30.0,20.0,-55.0,-50.0,-20.0,-10.0
2018-11-11 17:33:15.237732|2.46555262099,7.72383315305|-55.0,-60.0,-20.5,0.0,-70.0,-60.0,-29.5,0.0,-40.0,-60.0,-29.5,21.0,-55.0,-49.5,-20.5,-9.0
2018-11-11 17:33:15.293651|0.452758896445,-0.0274396485925|-55.0,-60.0,-21.0,0.0,-70.0,-60.0,-29.0,0.0,-40.0,-60.0,-29.0,22.0,-55.0,-49.0,-21.0,-8.0
2018-11-11 17:33:15.349628|2.14853001808,2.08530961818|-55.0,-60.0,-21.5,0.0,-70.0,-60.0,-28.5,0.0,-40.0,-60.0,-28.5,23.0,-55.0,-48.5,-21.5,-7.0
2018-11-11 17:33:15.405979|1.66717672785,-0.956486257068|-55.0,-60.0,-22.0,0.0,-70.0,-60.0,-28.0,0.0,-40.0,-60.0,-28.0,24.0,-55.0,-48.0,-22.0,-6.0
2018-11-11 17:33:15.461894|-0.370273045565,-3.41991159461|-55.0,-60.0,-22.5,0.0,-70.0,-60.0,-27.5,0.0,-40.0,-60.0,-27.5,25.0,-55.0,-47.5,-22.5,-5.0
2018-11-11 17:33:15.517824|-6.70533880569,2.09324835279|-55.0,-60.0,-23.0,0.0,-70.0,-60.0,-27.0,0.0,-40.0,-60.0,-27.0,26.0,-55.0,-47.0,-23.0,-4.0
2018-11-11 17:33:15.573794|7.22636280477,-5.69734423981|-55.0,-60.0,-23.5,0.0,-70.0,-60.0,-26.5,0.0,-40.0,-60.0,-26.5,27.0,-55.0,-46.5,-23.5,-3.0
2018-11-11 17:33:15.630407|0.765835754918,1.35037416332|-55.0,-60.0,-24.0,0.0,-70.0,-60.0,-26.0,0.0,-40.0,-60.0,-26.0,28.0,-55.0,-46.0,-24.0,-2.0
2018-11-11 17:33:15.686009|-0.746208755901,-6.26776873828|-55.0,-60.0,-24.5,0.0,-70.0,-60.0,-25.5,0.0,-40.0,-60.0,-25.5,29.0,-55.0,-45.5,-24.5,-1.0
2018-11-11 17:33:15.741792|2.27959220086,9.53379414194|-55.0,-60.0,-25.0,0.0,-70.0,-60.0,-25.0,0.0,-40.0,-60.0,-25.0,30.0,-55.0,-45.0,-25.0,0.0
2018-11-11 17:33:15.799136|2.76550536595,-9.52359202818|-55.0,-60.5,-24.5,0.0,-69.5,-60.0,-25.5,1.0,-40.5,-60.5,-25.0,29.0,-54.5,-46.0,-25.5,0.0
2018-11-11 17:33:15.855321|2.53487331007,2.67323693962|-55.0,-61.0,-24.0,0.0,-69.0,-60.0,-26.0,2.0,-41.0,-61.0,-25.0,28.0,-54.0,-47.0,-26.0,0.0
2018-11-11 17:33:15.911366|-5.15145537443,1.78700840987|-55.0,-61.5,-23.5,0.0,-68.5,-60.0,-26.5,3.0,-41.5,-61.5,-25.0,27.0,-53.5,-48.0,-26.5,0.0
2018-11-11 17:33:15.967426|10.4030154573,-6.2700127091|-55.0,-62.0,-23.0,0.0,-68.0,-60.0,-27.0,4.0,-42.0,-62.0,-25.0,26.0,-53.0,-49.0,-27.0,0.0
2018-11-11 17:33:16.023464|3.6224157777,0.831417434171|-55.0,-62.5,-22.5,0.0,-67.5,-60.0,-27.5,5.0,-42.5,-62.5,-25.0,25.0,-52.5,-50.0,-27.5,0.0
2018-11-11 17:33:16.079527|0.49360514444,-3.02881790207|-55.0,-63.0,-22.0,0.0,-67.0,-60.0,-28.0,6.0,-43.0,-63.0,-25.0,24.0,-52.0,-51.0,-28.0,0.0
2018-11-11 17:33:16.135666|5.17364120592,-5.44280454582|-55.0,-63.5,-21.5,0.0,-66.5,-60.0,-28.5,7.0,-43.5,-63.5,-25.0,23.0,-51.5,-52.0,-28.5,0.0
2018-11-11 17:33:16.191673|5.77687066482,-4.33344003153|-55.0,-64.0,-21.0,0.0,-66.0,-60.0,-29.0,8.0,-44.0,-64.0,-25.0,22.0,-51.0,-53.0,-29.0,0.0
2018-11-11 17:33:16.247952|3.02155475515,-0.153095567111|-55.0,-64.5,-20.5,0.0,-65.5,-60.0,-29.5,9.0,-44.5,-64.5,-25.0,21.0,-50.5,-54.0,-29.5,0.0
2018-11-11 17:33:16.303996|8.87181100481,-1.86412729322|-55.0,-65.0,-20.0,0.0,-65.0,-60.0,-30.0,10.0,-45.0,-65.0,-25.0,20.0,-50.0,-55.0,-30.0,0.0
2018-11-11 17:33:16.360066|7.77250259833,-1.82927979794|-55.0,-65.5,-19.5,0.0,-64.5,-60.0,-30.5,11.0,-45.5,-65.5,-25.0,19.0,-49.5,-56.0,-30.5,0.0
2018-11-11 17:33:16.416483|1.17013175703,0.113754976488|-55.0,-66.0,-19.0,0.0,-64.0,-60.0,-31.0,12.0,-46.0,-66.0,-25.0,18.0,-49.0,-57.0,-31.0,0.0
2018-11-11 17:33:16.472562|2.36631992265,-6.43229251292|-55.0,-66.5,-18.5,0.0,-63.5,-60.0,-31.5,13.0,-46.5,-66.5,-25.0,17.0,-48.5,-58.0,-31.5,0.0
2018-11-11 17:33:16.528590|1.23904469827,1.7898828463|-55.0,-67.0,-18.0,0.0,-63.0,-60.0,-32.0,14.0,-47.0,-67.0,-25.0,16.0,-48.0,-59.0,-32.0,0.0
2018-11-11 17:33:16.584982|4.95559571191,-0.933894069957|-55.0,-67.5,-17.5,0.0,-62.5,-60.0,-32.5,15.0,-47.5,-67.5,-25.0,15.0,-47.5,-60.0,-32.5,0.0
2018-11-11 17:33:16.640995|-1.87734330281,-4.28220960687|-55.0,-68.0,-17.0,0.0,-62.0,-60.0,-33.0,16.0,-48.0,-68.0,-25.0,14.0,-47.0,-61.0,-33.0,0.0
2018-11-11 17:33:16.697020|-2.18332363466,9.9961875395|-55.0,-68.5,-16.5,0.0,-61.5,-60.0,-33.5,17.0,-48.5,-68.5,-25.0,13.0,-46.5,-62.0,-33.5,0.0
2018-11-11 17:33:16.753187|5.37693682767,-4.46096753513|-55.0,-69.0,-16.0,0.0,-61.0,-60.0,-34.0,18.0,-49.0,-69.0,-25.0,12.0,-46.0,-63.0,-34.0,0.0
2018-11-11 17:33:16.809205|3.57410114602,-1.32678107162|-55.0,-69.5,-15.5,0.0,-60.5,-60.0,-34.5,19.0,-49.5,-69.5,-25.0,11.0,-45.5,-64.0,-34.5,0.0
2018-11-11 17:33:16.865535|5.64026507522,9.79386273418|-55.0,-70.0,-15.0,0.0,-60.0,-60.0,-35.0,20.0,-50.0,-70.0,-25.0,10.0,-45.0,-65.0,-35.0,0.0
2018-11-11 17:33:16.921595|3.20084735955,0.643327426026|-55.0,-70.5,-14.5,0.0,-59.5,-60.0,-35.5,21.0,-50.5,-70.5,-25.0,9.0,-44.5,-66.0,-35.5,0.0
2018-11-11 17:33:16.977653|9.91022071815,21.68205893|-55.0,-71.0,-14.0,0.0,-59.0,-60.0,-36.0,22.0,-51.0,-71.0,-25.0,8.0,-44.0,-67.0,-36.0,0.0
2018-11-11 17:33:17.033684|7.61135877976,17.6228179029|-55.0,-71.5,-13.5,0.0,-58.5,-60.0,-36.5,23.0,-51.5,-71.5,-25.0,7.0,-43.5,-68.0,-36.5,0.0
2018-11-11 17:33:17.089754|12.7011761703,7.67685394092|-55.0,-72.0,-13.0,0.0,-58.0,-60.0,-37.0,24.0,-52.0,-72.0,-25.0,6.0,-43.0,-69.0,-37.0,0.0
2018-11-11 17:33:17.145889|18.88401413,9.89755119002|-55.0,-72.5,-12.5,0.0,-57.5,-60.0,-37.5,25.0,-52.5,-72.5,-25.0,5.0,-42.5,-70.0,-37.5,0.0
2018-11-11 17:33:17.202987|10.9691322385,13.5893406166|-55.0,-73.0,-12.0,0.0,-57.0,-60.0,-38.0,26.0,-53.0,-73.0,-25.0,4.0,-42.0,-71.0,-38.0,0.0
2018-11-11 17:33:17.258913|15.834472967,25.8422765395|-55.0,-73.5,-11.5,0.0,-56.5,-60.0,-38.5,27.0,-53.5,-73.5,-25.0,3.0,-41.5,-72.0,-38.5,0.0
2018-11-11 17:33:17.315021|40.1124612768,7.47834271982|-55.0,-74.0,-11.0,0.0,-56.0,-60.0,-39.0,28.0,-54.0,-74.0,-25.0,2.0,-41.0,-73.0,-39.0,0.0
2018-11-11 17:33:17.371036|22.1433171421,-23.1155828395|-55.0,-74.5,-10.5,0.0,-55.5,-60.0,-39.5,29.0,-54.5,-74.5,-25.0,1.0,-40.5,-74.0,-39.5,0.0
2018-11-11 17:33:17.427329|1.95793614281,15.9777914566|-55.0,-75.0,-10.0,0.0,-55.0,-60.0,-40.0,30.0,-55.0,-75.0,-25.0,0.0,-40.0,-75.0,-40.0,0.0
