2018-11-11 18:44:55.154566|-0.134884315696,-3.70440197038|-55.0,-59.5,-25.0,1.0,-55.0,-60.5,-25.0,-1.0,-55.0,-60.0,-25.0,0.0,-55.0,-59.5,-25.0,0.0
2018-11-11 18:44:55.209976|0.68027397726,-3.70621092143|-55.0,-59.0,-25.0,2.0,-55.0,-61.0,-25.0,-2.0,-55.0,-60.0,-25.0,0.0,-55.0,-59.0,-25.0,0.0
2018-11-11 18:44:55.265140|0.293740557376,0.216439977338|-55.0,-58.5,-25.0,3.0,-55.0,-61.5,-25.0,-3.0,-55.0,-60.0,-25.0,0.0,-55.0,-58.5,-25.0,0.0
2018-11-11 18:44:55.320123|-0.65327342866,-7.46554042908|-55.0,-58.0,-25.0,4.0,-55.0,-62.0,-25.0,-4.0,-55.0,-60.0,-25.0,0.0,-55.0,-58.0,-25.0,0.0
2018-11-11 18:44:55.375205|1.13649955961,-3.86955784119|-55.0,-57.5,-25.0,5.0,-55.0,-62.5,-25.0,-5.0,-55.0,-60.0,-25.0,0.0,-55.0,-57.5,-25.0,0.0
2018-11-11 18:44:55.430212|-1.62915886751,1.2602245007|-55.0,-57.0,-25.0,6.0,-55.0,-63.0,-25.0,-6.0,-55.0,-60.0,-25.0,0.0,-55.0,-57.0,-25.0,0.0
2018-11-11 18:44:55.485343|-3.58085676095,-5.2637711906|-55.0,-56.5,-25.0,7.0,-55.0,-63.5,-25.0,-7.0,-55.0,-60.0,-25.0,0.0,-55.0,-56.5,-25.0,0.0
2018-11-11 18:44:55.540571|1.17413939222,-1.11391932316|-55.0,-56.0,-25.0,8.0,-55.0,-64.0,-25.0,-8.0,-55.0,-60.0,-25.0,0.0,-55.0,-56.0,-25.0,0.0
2018-11-11 18:44:55.595849|2.51284492024,2.82349282992|-55.0,-55.5,-25.0,9.0,-55.0,-64.5,-25.0,-9.0,-55.0,-60.0,-25.0,0.0,-55.0,-55.5,-25.0,0.0
2018-11-11 18:44:55.651138|-5.24414045061,-6.18050508327|-55.0,-55.0,-25.0,10.0,-55.0,-65.0,-25.0,-10.0,-55.0,-60.0,-25.0,0.0,-55.0,-55.0,-25.0,0.0
2018-11-11 18:44:55.706397|3.29566917866,-0.754221572632|-55.0,-54.5,-25.0,11.0,-55.0,-65.5,-25.0,-11.0,-55.0,-60.0,-25.0,0.0,-55.0,-54.5,-25.0,0.0
2018-11-11 18:44:55.761626|-0.913009808351,-5.37358190808|-55.0,-54.0,-25.0,12.0,-55.0,-66.0,-25.0,-12.0,-55.0,-60.0,-25.0,0.0,-55.0,-54.0,-25.0,0.0
2018-11-11 18:44:55.816917|0.103787572937,-3.01122399935|-55.0,-53.5,-25.0,13.0,-55.0,-66.5,-25.0,-13.0,-55.0,-60.0,-25.0,0.0,-55.0,-53.5,-25.0,0.0
2018-11-11 18:44:55.871955|-1.17014658433,-2.18870623229|-55.0,-53.0,-25.0,14.0,-55.0,-67.0,-25.0,-14.0,-55.0,-60.0,-25.0,0.0,-55.0,-53.0,-25.0,0.0
2018-11-11 18:44:55.927169|1.56706807178,2.09465219743|-55.0,-52.5,-25.0,15.0,-55.0,-67.5,-25.0,-15.0,-55.0,-60.0,-25.0,0.0,-55.0,-52.5,-25.0,0.0
2018-11-11 18:44:55.982097|2.05048989964,-5.44528855009|-55.0,-52.0,-25.0,16.0,-55.0,-68.0,-25.0,-16.0,-55.0,-60.0,-25.0,0.0,-55.0,-52.0,-25.0,0.0
2018-11-11 18:44:56.037132|0.377866797628,-2.9342272473|-55.0,-51.5,-25.0,17.0,-55.0,-68.5,-25.0,-17.0,-55.0,-60.0,-25.0,0.0,-55.0,-51.5,-25.0,0.0
2018-11-11 18:44:56.092131|2.20550875944,-5.21375289143|-55.0,-51.0,-25.0,18.0,-55.0,-69.0,-25.0,-18.0,-55.0,-60.0,-25.0,0.0,-55.0,-51.0,-25.0,0.0
2018-11-11 18:44:56.147169|-2.13958702775,-6.12100663435|-55.0,-50.5,-25.0,19.0,-55.0,-69.5,-25.0,-19.0,-55.0,-60.0,-25.0,0.0,-55.0,-50.5,-25.0,0.0
2018-11-11 18:44:56.202162|2.44614507368,-3.92465821697|-55.0,-50.0,-25.0,20.0,-55.0,-70.0,-25.0,-20.0,-55.0,-60.0,-25.0,0.0,-55.0,-50.0,-25.0,0.0
2018-11-11 18:44:56.257189|0.0,0.070945703604|-55.0,-49.5,-25.0,21.0,-55.0,-70.5,-25.0,-21.0,-55.0,-60.0,-25.0,0.0,-55.0,-49.5,-25.0,0.0
2018-11-11 18:44:56.312525|-1.68837627883,-2.10690491798|-55.0,-49.0,-25.0,22.0,-55.0,-71.0,-25.0,-22.0,-55.0,-60.0,-25.0,0.0,-55.0,-49.0,-25.0,0.0
2018-11-11 18:44:56.367721|3.79967497904,-2.6134454669|-55.0,-48.5,-25.0,23.0,-55.0,-71.5,-25.0,-23.0,-55.0,-60.0,-25.0,0.0,-55.0,-48.5,-25.0,0.0
2018-11-11 18:44:56.422972|6.98239476244,-14.8659641773|-55.0,-48.0,-25.0,24.0,-55.0,-72.0,-25.0,-24.0,-55.0,-60.0,-25.0,0.0,-55.0,-48.0,-25.0,0.0
2018-11-11 18:44:56.478354|2.74459120597,-7.25976248713|-55.0,-47.5,-25.0,25.0,-55.0,-72.5,-25.0,-25.0,-55.0,-60.0,-25.0,0.0,-55.0,-47.5,-25.0,0.0
2018-11-11 18:44:56.533591|4.27611951723,-5.20615151248|-55.0,-47.0,-25.0,26.0,-55.0,-73.0,-25.0,-26.0,-55.0,-60.0,-25.0,0.0,-55.0,-47.0,-25.0,0.0
2018-11-11 18:44:56.588785|6.82464043673,-7.84278474249|-55.0,-46.5,-25.0,27.0,-55.0,-73.5,-25.0,-27.0,-55.0,-60.0,-25.0,0.0,-55.0,-46.5,-25.0,0.0
2018-11-11 18:44:56.643846|3.13982649092,-9.18299891088|-55.0,-46.0,-25.0,28.0,-55.0,-74.0,-25.0,-28.0,-55.0,-60.0,-25.0,0.0,-55.0,-46.0,-25.0,0.0
2018-11-11 18:44:56.698928|-1.81544394286,0.648278183111|-55.0,-45.5,-25.0,29.0,-55.0,-74.5,-25.0,-29.0,-55.0,-60.0,-25.0,0.0,-55.0,-45.5,-25.0,0.0
2018-11-11 18:44:56.753923|3.71494815533,-9.89858907517|-55.0,-45.0,-25.0,30.0,-55.0,-75.0,-25.0,-30.0,-55.0,-60.0,-25.0,0.0,-55.0,-45.0,-25.0,0.0
2018-11-11 18:44:56.809539|6.92156984479,-20.5547886343|-54.5,-46.0,-25.0,29.0,-55.0,-75.0,-24.5,-30.0,-55.5,-60.0,-25.0,0.0,-55.0,-45.5,-25.0,0.0
2018-11-11 18:44:56.864861|3.52850827335,-3.46082919381|-54.0,-47.0,-25.0,28.0,-55.0,-75.0,-24.0,-30.0,-56.0,-60.0,-25.0,0.0,-55.0,-46.0,-25.0,0.0
2018-11-11 18:44:56.919993|-0.857458860311,-3.65868346066|-53.5,-48.0,-25.0,27.0,-55.0,-75.0,-23.5,-30.0,-56.5,-60.0,-25.0,0.0,-55.0,-46.5,-25.0,0.0
2018-11-11 18:44:56.975182|1.93381879075,0.931484895473|-53.0,-49.0,-25.0,26.0,-55.0,-75.0,-23.0,-30.0,-57.0,-60.0,-25.0,0.0,-55.0,-47.0,-25.0,0.0
2018-11-11 18:44:57.030225|6.0977736478,-1.9041123582|-52.5,-50.0,-25.0,25.0,-55.0,-75.0,-22.5,-30.0,-57.5,-60.0,-25.0,0.0,-55.0,-47.5,-25.0,0.0
2018-11-11 18:44:57.085354|3.65051671629,-3.37930311446|-52.0,-51.0,-25.0,24.0,-55.0,-75.0,-22.0,-30.0,-58.0,-60.0,-25.0,0.0,-55.0,-48.0,-25.0,0.0
2018-11-11 18:44:57.140362|3.23822030698,-4.40764835674|-51.5,-52.0,-25.0,23.0,-55.0,-75.0,-21.5,-30.0,-58.5,-60.0,-25.0,0.0,-55.0,-48.5,-25.0,0.0
2018-11-11 18:44:57.195498|4.87108136875,-3.42571095299|-51.0,-53.0,-25.0,22.0,-55.0,-75.0,-21.0,-30.0,-59.0,-60.0,-25.0,0.0,-55.0,-49.0,-25.0,0.0
2018-11-11 18:44:57.250526|2.68003341844,-8.19418449331|-50.5,-54.0,-25.0,21.0,-55.0,-75.0,-20.5,-30.0,-59.5,-60.0,-25.0,0.0,-55.0,-49.5,-25.0,0.0
2018-11-11 18:44:57.305686|0.67714751172,-6.1341109754|-50.0,-55.0,-25.0,20.0,-55.0,-75.0,-20.0,-30.0,-60.0,-60.0,-25.0,0.0,-55.0,-50.0,-25.0,0.0
2018-11-11 18:44:57.360707|2.45110463216,-3.245271182|-49.5,-56.0,-25.0,19.0,-55.0,-75.0,-19.5,-30.0,-60.5,-60.0,-25.0,0.0,-55.0,-50.5,-25.0,0.0
2018-11-11 18:44:57.415784|1.8250742561,-17.6577578019|-49.0,-57.0,-25.0,18.0,-55.0,-75.0,-19.0,-30.0,-61.0,-60.0,-25.0,0.0,-55.0,-51.0,-25.0,0.0
2018-11-11 18:44:57.470784|4.79430502302,-1.80562807219|-48.5,-58.0,-25.0,17.0,-55.0,-75.0,-18.5,-30.0,-61.5,-60.0,-25.0,0.0,-55.0,-51.5,-25.0,0.0
2018-11-11 18:44:57.525582|3.6819791947,-10.802945094|-48.0,-59.0,-25.0,16.0,-55.0,-75.0,-18.0,-30.0,-62.0,-60.0,-25.0,0.0,-55.0,-52.0,-25.0,0.0
2018-11-11 18:44:57.580461|6.41945669699,-6.46196256479|-47.5,-60.0,-25.0,15.0,-55.0,-75.0,-17.5,-30.0,-62.5,-60.0,-25.0,0.0,-55.0,-52.5,-25.0,0.0
2018-11-11 18:44:57.635578|7.35296770852,-13.9328551907|-47.0,-61.0,-25.0,14.0,-55.0,-75.0,-17.0,-30.0,-63.0,-60.0,-25.0,0.0,-55.0,-53.0,-25.0,0.0
2018-11-11 18:44:57.690633|-6.20691010376,6.20691010376|-46.5,-62.0,-25.0,13.0,-55.0,-75.0,-16.5,-30.0,-63.5,-60.0,-25.0,0.0,-55.0,-53.5,-25.0,0.0
2018-11-11 18:44:57.746964|1.71742405431,-5.46026615156|-46.0,-63.0,-25.0,12.0,-55.0,-75.0,-16.0,-30.0,-64.0,-60.0,-25.0,0.0,-55.0,-54.0,-25.0,0.0
2018-11-11 18:44:57.803139|1.97927457845,-6.40438047851|-45.5,-64.0,-25.0,11.0,-55.0,-75.0,-15.5,-30.0,-64.5,-60.0,-25.0,0.0,-55.0,-54.5,-25.0,0.0
2018-11-11 18:44:57.859450|-0.312529648017,-3.99255962371|-45.0,-65.0,-25.0,10.0,-55.0,-75.0,-15.0,-30.0,-65.0,-60.0,-25.0,0.0,-55.0,-55.0,-25.0,0.0
2018-11-11 18:44:57.915922|2.34404507881,-6.60541013765|-44.5,-66.0,-25.0,9.0,-55.0,-75.0,-14.5,-30.0,-65.5,-60.0,-25.0,0.0,-55.0,-55.5,-25.0,0.0
2018-11-11 18:44:57.971793|4.55127211107,-7.92784216937|-44.0,-67.0,-25.0,8.0,-55.0,-75.0,-14.0,-30.0,-66.0,-60.0,-25.0,0.0,-55.0,-56.0,-25.0,0.0
2018-11-11 18:44:58.027779|4.68088491208,0.169819122192|-43.5,-68.0,-25.0,7.0,-55.0,-75.0,-13.5,-30.0,-66.5,-60.0,-25.0,0.0,-55.0,-56.5,-25.0,0.0
2018-11-11 18:44:58.083585|3.51211967361,-5.81536159133|-43.0,-69.0,-25.0,6.0,-55.0,-75.0,-13.0,-30.0,-67.0,-60.0,-25.0,0.0,-55.0,-57.0,-25.0,0.0
2018-11-11 18:44:58.139556|-1.02872531887,-3.83428449559|-42.5,-70.0,-25.0,5.0,-55.0,-75.0,-12.5,-30.0,-67.5,-60.0,-25.0,0.0,-55.0,-57.5,-25.0,0.0
2018-11-11 18:44:58.195515|0.113597808122,-5.84622276391|-42.0,-71.0,-25.0,4.0,-55.0,-75.0,-12.0,-30.0,-68.0,-60.0,-25.0,0.0,-55.0,-58.0,-25.0,0.0
2018-11-11 18:44:58.251440|2.01748558739,1.78639605576|-41.5,-72.0,-25.0,3.0,-55.0,-75.0,-11.5,-30.0,-68.5,-60.0,-25.0,0.0,-55.0,-58.5,-25.0,0.0
2018-11-11 18:44:58.307259|1.79269151536,-5.52802356131|-41.0,-73.0,-25.0,2.0,-55.0,-75.0,-11.0,-30.0,-69.0,-60.0,-25.0,0.0,-55.0,-59.0,-25.0,0.0
2018-11-11 18:44:58.363041|1.70618335862,3.33092618665|-40.5,-74.0,-25.0,1.0,-55.0,-75.0,-10.5,-30.0,-69.5,-60.0,-25.0,0.0,-55.0,-59.5,-25.0,0.0
2018-11-11 18:44:58.418851|8.81348112575,0.486782496704|-40.0,-75.0,-25.0,0.0,-55.0,-75.0,-10.0,-30.0,-70.0,-60.0,-25.0,0.0,-55.0,-60.0,-25.0,0.0
2018-11-11 18:44:58.475455|2.71284795531,-4.93990695022|-40.25,-74.75,-25.0,0.0,-55.25,-75.0,-10.25,-29.0,-69.75,-60.0,-25.0,0.0,-54.75,-60.0,-25.0,0.0
2018-11-11 18:44:58.531277|-0.427466598909,-5.42261831997|-40.5,-74.5,-25.0,0.0,-55.5,-75.0,-10.5,-28.0,-69.5,-60.0,-25.0,0.0,-54.5,-60.0,-25.0,0.0
2018-11-11 18:44:58.587602|-0.0293751393802,-8.20903246867|-40.75,-74.25,-25.0,0.0,-55.75,-75.0,-10.75,-27.0,-69.25,-60.0,-25.0,0.0,-54.25,-60.0,-25.0,0.0
2018-11-11 18:44:58.643848|5.25065482795,-5.00746280686|-41.0,-74.0,-25.0,0.0,-56.0,-75.0,-11.0,-26.0,-69.0,-60.0,-25.0,0.0,-54.0,-60.0,-25.0,0.0
2018-11-11 18:44:58.706762|-0.710135936329,-9.2107159916|-41.25,-73.75,-25.0,0.0,-56.25,-75.0,-11.25,-25.0,-68.75,-60.0,-25.0,0.0,-53.75,-60.0,-25.0,0.0
2018-11-11 18:44:58.762544|-1.89548579056,-10.8628522972|-41.5,-73.5,-25.0,0.0,-56.5,-75.0,-11.5,-24.0,-68.5,-60.0,-25.0,0.0,-53.5,-60.0,-25.0,0.0
2018-11-11 18:44:58.818539|1.25491506095,-13.4914076633|-41.75,-73.25,-25.0,0.0,-56.75,-75.0,-11.75,-23.0,-68.25,-60.0,-25.0,0.0,-53.25,-60.0,-25.0,0.0
2018-11-11 18:44:58.874384|5.67465666811,0.0871597859732|-42.0,-73.0,-25.0,0.0,-57.0,-75.0,-12.0,-22.0,-68.0,-60.0,-25.0,0.0,-53.0,-60.0,-25.0,0.0
2018-11-11 18:44:58.930228|2.55058557124,-4.22248721599|-42.25,-72.75,-25.0,0.0,-57.25,-75.0,-12.25,-21.0,-67.75,-60.0,-25.0,0.0,-52.75,-60.0,-25.0,0.0
2018-11-11 18:44:58.986189|4.39989108937,-11.182735927|-42.5,-72.5,-25.0,0.0,-57.5,-75.0,-12.5,-20.0,-67.5,-60.0,-25.0,0.0,-52.5,-60.0,-25.0,0.0
2018-11-11 18:44:59.042011|-1.4685202352,-4.15700572573|-42.75,-72.25,-25.0,0.0,-57.75,-75.0,-12.75,-19.0,-67.25,-60.0,-25.0,0.0,-52.25,-60.0,-25.0,0.0
2018-11-11 18:44:59.097848|-2.92701574796,-5.77955726924|-43.0,-72.0,-25.0,0.0,-58.0,-75.0,-13.0,-18.0,-67.0,-60.0,-25.0,0.0,-52.0,-60.0,-25.0,0.0
2018-11-11 18:44:59.153617|1.73928093682,-10.4048433945|-43.25,-71.75,-25.0,0.0,-58.25,-75.0,-13.25,-17.0,-66.75,-60.0,-25.0,0.0,-51.75,-60.0,-25.0,0.0
2018-11-11 18:44:59.209490|0.99739470831,-8.17996560536|-43.5,-71.5,-25.0,0.0,-58.5,-75.0,-13.5,-16.0,-66.5,-60.0,-25.0,0.0,-51.5,-60.0,-25.0,0.0
2018-11-11 18:44:59.265483|6.30978109411,-4.99908953344|-43.75,-71.25,-25.0,0.0,-58.75,-75.0,-13.75,-15.0,-66.25,-60.0,-25.0,0.0,-51.25,-60.0,-25.0,0.0
2018-11-11 18:44:59.321236|-0.291009385002,-4.55370911859|-44.0,-71.0,-25.0,0.0,-59.0,-75.0,-14.0,-14.0,-66.0,-60.0,-25.0,0.0,-51.0,-60.0,-25.0,0.0
2018-11-11 18:44:59.377045|2.23781336195,-6.0227284574|-44.25,-70.75,-25.0,0.0,-59.25,-75.0,-14.25,-13.0,-65.75,-60.0,-25.0,0.0,-50.75,-60.0,-25.0,0.0
2018-11-11 18:44:59.433374|4.37025079495,-9.24484435386|-44.5,-70.5,-25.0,0.0,-59.5,-75.0,-14.5,-12.0,-65.5,-60.0,-25.0,0.0,-50.5,-60.0,-25.0,0.0
2018-11-11 18:44:59.489657|0.799857266797,-19.6489984785|-44.75,-70.25,-25.0,0.0,-59.75,-75.0,-14.75,-11.0,-65.25,-60.0,-25.0,0.0,-50.25,-60.0,-25.0,0.0
2018-11-11 18:44:59.546040|1.13621554443,1.2050869583|-45.0,-70.0,-25.0,0.0,-60.0,-75.0,-15.0,-10.0,-65.0,-60.0,-25.0,0.0,-50.0,-60.0,-25.0,0.0
2018-11-11 18:44:59.602160|-0.358775065115,-7.37519072532|-45.25,-69.75,-25.0,0.0,-60.25,-75.0,-15.25,-9.0,-64.75,-60.0,-25.0,0.0,-49.75,-60.0,-25.0,0.0
2018-11-11 18:44:59.658358|-0.960956671148,-6.88218134031|-45.5,-69.5,-25.0,0.0,-60.5,-75.0,-15.5,-8.0,-64.5,-60.0,-25.0,0.0,-49.5,-60.0,-25.0,0.0
2018-11-11 18:44:59.714246|4.23110780698,-4.79751977576|-45.75,-69.25,-25.0,0.0,-60.75,-75.0,-15.75,-7.0,-64.25,-60.0,-25.0,0.0,-49.25,-60.0,-25.0,0.0
2018-11-11 18:44:59.770143|5.53751981998,-10.1971023938|-46.0,-69.0,-25.0,0.0,-61.0,-75.0,-16.0,-6.0,-64.0,-60.0,-25.0,0.0,-49.0,-60.0,-25.0,0.0
2018-11-11 18:44:59.826546|0.590603871343,-8.26951915407|-46.25,-68.75,-25.0,0.0,-61.25,-75.0,-16.25,-5.0,-63.75,-60.0,-25.0,0.0,-48.75,-60.0,-25.0,0.0
2018-11-11 18:44:59.882281|1.25217284819,-12.2948983792|-46.5,-68.5,-25.0,0.0,-61.5,-75.0,-16.5,-4.0,-63.5,-60.0,-25.0,0.0,-48.5,-60.0,-25.0,0.0
2018-11-11 18:44:59.938138|-0.926894965829,-2.8786100292|-46.75,-68.25,-25.0,0.0,-61.75,-75.0,-16.75,-3.0,-63.25,-60.0,-25.0,0.0,-48.25,-60.0,-25.0,0.0
2018-11-11 18:44:59.993933|2.63814553231,-7.88917021685|-47.0,-68.0,-25.0,0.0,-62.0,-75.0,-17.0,-2.0,-63.0,-60.0,-25.0,0.0,-48.0,-60.0,-25.0,0.0
2018-11-11 18:45:00.049810|0.882420167662,-6.69615004265|-47.25,-67.75,-25.0,0.0,-62.25,-75.0,-17.25,-1.0,-62.75,-60.0,-25.0,0.0,-47.75,-60.0,-25.0,0.0
2018-11-11 18:45:00.106091|0.485934081905,-5.74967279445|-47.5,-67.5,-25.0,0.0,-62.5,-75.0,-17.5,0.0,-62.5,-60.0,-25.0,0.0,-47.5,-60.0,-25.0,0.0
2018-11-11 18:45:00.161938|-3.89762972128,-6.71877456258|-47.75,-67.25,-25.0,0.0,-62.75,-75.0,-17.75,1.0,-62.25,-60.0,-25.0,0.0,-47.25,-60.0,-25.0,0.0
2018-11-11 18:45:00.217719|1.52439547471,-6.99303871539|-48.0,-67.0,-25.0,0.0,-63.0,-75.0,-18.0,2.0,-62.0,-60.0,-25.0,0.0,-47.0,-60.0,-25.0,0.0
2018-11-11 18:45:00.273613|0.988980677322,-5.3533616738|-48.25,-66.75,-25.0,0.0,-63.25,-75.0,-18.25,3.0,-61.75,-60.0,-25.0,0.0,-46.75,-60.0,-25.0,0.0
2018-11-11 18:45:00.329609|4.83262681337,-7.34472644749|-48.5,-66.5,-25.0,0.0,-63.5,-75.0,-18.5,4.0,-61.5,-60.0,-25.0,0.0,-46.5,-60.0,-25.0,0.0
2018-11-11 18:45:00.385609|-2.5240024965,-3.953915933|-48.75,-66.25,-25.0,0.0,-63.75,-75.0,-18.75,5.0,-61.25,-60.0,-25.0,0.0,-46.25,-60.0,-25.0,0.0
2018-11-11 18:45:00.441492|1.76798171259,-10.2183641829|-49.0,-66.0,-25.0,0.0,-64.0,-75.0,-19.0,6.0,-61.0,-60.0,-25.0,0.0,-46.0,-60.0,-25.0,0.0
2018-11-11 18:45:00.497377|0.458439811246,-6.55065645337|-49.25,-65.75,-25.0,0.0,-64.25,-75.0,-19.25,7.0,-60.75,-60.0,-25.0,0.0,-45.75,-60.0,-25.0,0.0
2018-11-11 18:45:00.553767|2.94687691273,-6.20912690071|-49.5,-65.5,-25.0,0.0,-64.5,-75.0,-19.5,8.0,-60.5,-60.0,-25.0,0.0,-45.5,-60.0,-25.0,0.0
2018-11-11 18:45:00.615096|1.54885664571,-7.87876581079|-49.75,-65.25,-25.0,0.0,-64.75,-75.0,-19.75,9.0,-60.25,-60.0,-25.0,0.0,-45.25,-60.0,-25.0,0.0
2018-11-11 18:45:00.671601|-1.56613798355,-6.21330485434|-50.0,-65.0,-25.0,0.0,-65.0,-75.0,-20.0,10.0,-60.0,-60.0,-25.0,0.0,-45.0,-60.0,-25.0,0.0
2018-11-11 18:45:00.727404|-2.4413739542,-10.2640028614|-50.25,-64.75,-25.0,0.0,-65.25,-75.0,-20.25,11.0,-59.75,-60.0,-25.0,0.0,-44.75,-60.0,-25.0,0.0
2018-11-11 18:45:00.783382|1.73195486276,0.109948709526|-50.5,-64.5,-25.0,0.0,-65.5,-75.0,-20.5,12.0,-59.5,-60.0,-25.0,0.0,-44.5,-60.0,-25.0,0.0
2018-11-11 18:45:00.839301|-0.164216482596,-1.95455253816|-50.75,-64.25,-25.0,0.0,-65.75,-75.0,-20.75,13.0,-59.25,-60.0,-25.0,0.0,-44.25,-60.0,-25.0,0.0
2018-11-11 18:45:00.895323|2.0460851468,-6.68823126285|-51.0,-64.0,-25.0,0.0,-66.0,-75.0,-21.0,14.0,-59.0,-60.0,-25.0,0.0,-44.0,-60.0,-25.0,0.0
2018-11-11 18:45:00.951243|2.29935163587,-6.79647141566|-51.25,-63.75,-25.0,0.0,-66.25,-75.0,-21.25,15.0,-58.75,-60.0,-25.0,0.0,-43.75,-60.0,-25.0,0.0
2018-11-11 18:45:01.007098|2.52562812685,-6.38733306282|-51.5,-63.5,-25.0,0.0,-66.5,-75.0,-21.5,16.0,-58.5,-60.0,-25.0,0.0,-43.5,-60.0,-25.0,0.0
2018-11-11 18:45:01.062985|-2.05305345185,-10.8553046026|-51.75,-63.25,-25.0,0.0,-66.75,-75.0,-21.75,17.0,-58.25,-60.0,-25.0,0.0,-43.25,-60.0,-25.0,0.0
2018-11-11 18:45:01.118730|-2.7413201433,-10.5791262545|-52.0,-63.0,-25.0,0.0,-67.0,-75.0,-22.0,18.0,-58.0,-60.0,-25.0,0.0,-43.0,-60.0,-25.0,0.0
2018-11-11 18:45:01.174937|3.4397364908,-3.81550869669|-52.25,-62.75,-25.0,0.0,-67.25,-75.0,-22.25,19.0,-57.75,-60.0,-25.0,0.0,-42.75,-60.0,-25.0,0.0
2018-11-11 18:45:01.230706|-3.21278296729,-7.3870888027|-52.5,-62.5,-25.0,0.0,-67.5,-75.0,-22.5,20.0,-57.5,-60.0,-25.0,0.0,-42.5,-60.0,-25.0,0.0
2018-11-11 18:45:01.286502|-0.147552242274,-4.51977981608|-52.75,-62.25,-25.0,0.0,-67.75,-75.0,-22.75,21.0,-57.25,-60.0,-25.0,0.0,-42.25,-60.0,-25.0,0.0
2018-11-11 18:45:01.342203|0.0758194812586,-2.44212596488|-53.0,-62.0,-25.0,0.0,-68.0,-75.0,-23.0,22.0,-57.0,-60.0,-25.0,0.0,-42.0,-60.0,-25.0,0.0
2018-11-11 18:45:01.398595|0.458247310964,-10.5067133009|-53.25,-61.75,-25.0,0.0,-68.25,-75.0,-23.25,23.0,-56.75,-60.0,-25.0,0.0,-41.75,-60.0,-25.0,0.0
2018-11-11 18:45:01.454319|-2.44415202776,4.72205451666|-53.5,-61.5,-25.0,0.0,-68.5,-75.0,-23.5,24.0,-56.5,-60.0,-25.0,0.0,-41.5,-60.0,-25.0,0.0
2018-11-11 18:45:01.510083|-2.86586776605,-9.59859178459|-53.75,-61.25,-25.0,0.0,-68.75,-75.0,-23.75,25.0,-56.25,-60.0,-25.0,0.0,-41.25,-60.0,-25.0,0.0
2018-11-11 18:45:01.565887|2.06183042024,0.399973559153|-54.0,-61.0,-25.0,0.0,-69.0,-75.0,-24.0,26.0,-56.0,-60.0,-25.0,0.0,-41.0,-60.0,-25.0,0.0
2018-11-11 18:45:01.621666|-0.0149444770338,-1.80858202904|-54.25,-60.75,-25.0,0.0,-69.25,-75.0,-24.25,27.0,-55.75,-60.0,-25.0,0.0,-40.75,-60.0,-25.0,0.0
2018-11-11 18:45:01.677504|-1.80800581592,-1.96528292896|-54.5,-60.5,-25.0,0.0,-69.5,-75.0,-24.5,28.0,-55.5,-60.0,-25.0,0.0,-40.5,-60.0,-25.0,0.0
2018-11-11 18:45:01.733456|-2.43937652157,-0.0160436820189|-54.75,-60.25,-25.0,0.0,-69.75,-75.0,-24.75,29.0,-55.25,-60.0,-25.0,0.0,-40.25,-60.0,-25.0,0.0
2018-11-11 18:45:01.789226|-1.62169664947,-4.04354368242|-55.0,-60.0,-25.0,0.0,-70.0,-75.0,-25.0,30.0,-55.0,-60.0,-25.0,0.0,-40.0,-60.0,-25.0,0.0
2018-11-11 18:45:01.846388|-0.167380920858,-3.33427886628|-55.0,-60.0,-25.0,1.0,-69.5,-74.5,-25.5,29.0,-55.0,-60.0,-25.0,0.0,-40.5,-60.5,-25.0,0.0
2018-11-11 18:45:01.902201|-1.01304977796,-0.859544842985|-55.0,-60.0,-25.0,2.0,-69.0,-74.0,-26.0,28.0,-55.0,-60.0,-25.0,0.0,-41.0,-61.0,-25.0,0.0
2018-11-11 18:45:01.962692|-3.36823264993,-2.99534827712|-55.0,-60.0,-25.0,3.0,-68.5,-73.5,-26.5,27.0,-55.0,-60.0,-25.0,0.0,-41.5,-61.5,-25.0,0.0
2018-11-11 18:45:02.018929|-1.36934504097,-1.41259614538|-55.0,-60.0,-25.0,4.0,-68.0,-73.0,-27.0,26.0,-55.0,-60.0,-25.0,0.0,-42.0,-62.0,-25.0,0.0
2018-11-11 18:45:02.074926|5.37788342192,-16.8752019592|-55.0,-60.0,-25.0,5.0,-67.5,-72.5,-27.5,25.0,-55.0,-60.0,-25.0,0.0,-42.5,-62.5,-25.0,0.0
2018-11-11 18:45:02.130826|-0.0774576556774,-3.69470720776|-55.0,-60.0,-25.0,6.0,-67.0,-72.0,-28.0,24.0,-55.0,-60.0,-25.0,0.0,-43.0,-63.0,-25.0,0.0
2018-11-11 18:45:02.186820|-1.02557162271,-8.62332405127|-55.0,-60.0,-25.0,7.0,-66.5,-71.5,-28.5,23.0,-55.0,-60.0,-25.0,0.0,-43.5,-63.5,-25.0,0.0
2018-11-11 18:45:02.243577|-1.19353229783,-2.03182324184|-55.0,-60.0,-25.0,8.0,-66.0,-71.0,-29.0,22.0,-55.0,-60.0,-25.0,0.0,-44.0,-64.0,-25.0,0.0
2018-11-11 18:45:02.299520|-2.29679003904,-1.25534274409|-55.0,-60.0,-25.0,9.0,-65.5,-70.5,-29.5,21.0,-55.0,-60.0,-25.0,0.0,-44.5,-64.5,-25.0,0.0
2018-11-11 18:45:02.355944|-0.583120025288,1.19342760551|-55.0,-60.0,-25.0,10.0,-65.0,-70.0,-30.0,20.0,-55.0,-60.0,-25.0,0.0,-45.0,-65.0,-25.0,0.0
2018-11-11 18:45:02.412036|9.85749905165,-10.6534450514|-55.0,-60.0,-25.0,11.0,-64.5,-69.5,-30.5,19.0,-55.0,-60.0,-25.0,0.0,-45.5,-65.5,-25.0,0.0
2018-11-11 18:45:02.467994|1.52763808296,-6.55067742623|-55.0,-60.0,-25.0,12.0,-64.0,-69.0,-31.0,18.0,-55.0,-60.0,-25.0,0.0,-46.0,-66.0,-25.0,0.0
2018-11-11 18:45:02.523925|-0.913185580106,2.53448764786|-55.0,-60.0,-25.0,13.0,-63.5,-68.5,-31.5,17.0,-55.0,-60.0,-25.0,0.0,-46.5,-66.5,-25.0,0.0
2018-11-11 18:45:02.579944|-1.18320338058,-4.25674906099|-55.0,-60.0,-25.0,14.0,-63.0,-68.0,-32.0,16.0,-55.0,-60.0,-25.0,0.0,-47.0,-67.0,-25.0,0.0
2018-11-11 18:45:02.636166|-3.53548800005,0.758112958148|-55.0,-60.0,-25.0,15.0,-62.5,-67.5,-32.5,15.0,-55.0,-60.0,-25.0,0.0,-47.5,-67.5,-25.0,0.0
2018-11-11 18:45:02.692156|2.87536588655,-3.93532210905|-55.0,-60.0,-25.0,16.0,-62.0,-67.0,-33.0,14.0,-55.0,-60.0,-25.0,0.0,-48.0,-68.0,-25.0,0.0
2018-11-11 18:45:02.748136|-5.88562276119,-1.51010613346|-55.0,-60.0,-25.0,17.0,-61.5,-66.5,-33.5,13.0,-55.0,-60.0,-25.0,0.0,-48.5,-68.5,-25.0,0.0
2018-11-11 18:45:02.804094|1.61147563359,-12.9041403869|-55.0,-60.0,-25.0,18.0,-61.0,-66.0,-34.0,12.0,-55.0,-60.0,-25.0,0.0,-49.0,-69.0,-25.0,0.0
2018-11-11 18:45:02.860153|-0.999220790358,-1.71941845294|-55.0,-60.0,-25.0,19.0,-60.5,-65.5,-34.5,11.0,-55.0,-60.0,-25.0,0.0,-49.5,-69.5,-25.0,0.0
2018-11-11 18:45:02.916239|2.21574111924,0.342999036428|-55.0,-60.0,-25.0,20.0,-60.0,-65.0,-35.0,10.0,-55.0,-60.0,-25.0,0.0,-50.0,-70.0,-25.0,0.0
2018-11-11 18:45:02.972155|-3.89970095561,-4.05228271782|-55.0,-60.0,-25.0,21.0,-59.5,-64.5,-35.5,9.0,-55.0,-60.0,-25.0,0.0,-50.5,-70.5,-25.0,0.0
2018-11-11 18:45:03.028073|-4.42347981778,3.94922216023|-55.0,-60.0,-25.0,22.0,-59.0,-64.0,-36.0,8.0,-55.0,-60.0,-25.0,0.0,-51.0,-71.0,-25.0,0.0
2018-11-11 18:45:03.084013|-2.02860395927,-1.02238896659|-55.0,-60.0,-25.0,23.0,-58.5,-63.5,-36.5,7.0,-55.0,-60.0,-25.0,0.0,-51.5,-71.5,-25.0,0.0
2018-11-11 18:45:03.140074|1.5828952983,-10.4344388203|-55.0,-60.0,-25.0,24.0,-58.0,-63.0,-37.0,6.0,-55.0,-60.0,-25.0,0.0,-52.0,-72.0,-25.0,0.0
2018-11-11 18:45:03.196494|-4.93758524465,0.0989594342338|-55.0,-60.0,-25.0,25.0,-57.5,-62.5,-37.5,5.0,-55.0,-60.0,-25.0,0.0,-52.5,-72.5,-25.0,0.0
2018-11-11 18:45:03.252484|0.330873944114,-6.492009856|-55.0,-60.0,-25.0,26.0,-57.0,-62.0,-38.0,4.0,-55.0,-60.0,-25.0,0.0,-53.0,-73.0,-25.0,0.0
2018-11-11 18:45:03.308411|0.494153262197,2.73428908336|-55.0,-60.0,-25.0,27.0,-56.5,-61.5,-38.5,3.0,-55.0,-60.0,-25.0,0.0,-53.5,-73.5,-25.0,0.0
2018-11-11 18:45:03.364899|-0.648515453808,-7.7582542496|-55.0,-60.0,-25.0,28.0,-56.0,-61.0,-39.0,2.0,-55.0,-60.0,-25.0,0.0,-54.0,-74.0,-25.0,0.0
2018-11-11 18:45:03.420981|-2.10811804458,-3.25641158825|-55.0,-60.0,-25.0,29.0,-55.5,-60.5,-39.5,1.0,-55.0,-60.0,-25.0,0.0,-54.5,-74.5,-25.0,0.0
2018-11-11 18:45:03.476759|-4.63823098433,6.53111633034|-55.0,-60.0,-25.0,30.0,-55.0,-60.0,-40.0,0.0,-55.0,-60.0,-25.0,0.0,-55.0,-75.0,-25.0,0.0
2018-11-11 18:45:03.533942|-6.71087509441,-6.83127815097|-55.5,-60.5,-25.5,30.0,-55.0,-60.5,-39.5,1.0,-55.0,-60.0,-25.0,0.0,-55.5,-74.0,-25.0,0.0
2018-11-11 18:45:03.590170|-2.18869444598,-21.4341683648|-56.0,-61.0,-26.0,30.0,-55.0,-61.0,-39.0,2.0,-55.0,-60.0,-25.0,0.0,-56.0,-73.0,-25.0,0.0
2018-11-11 18:45:03.646236|1.62488660953,-2.45005792169|-56.5,-61.5,-26.5,30.0,-55.0,-61.5,-38.5,3.0,-55.0,-60.0,-25.0,0.0,-56.5,-72.0,-25.0,0.0
2018-11-11 18:45:03.706441|-1.94976558177,-5.59816755137|-57.0,-62.0,-27.0,30.0,-55.0,-62.0,-38.0,4.0,-55.0,-60.0,-25.0,0.0,-57.0,-71.0,-25.0,0.0
2018-11-11 18:45:03.762425|-5.14579003018,-6.28457534832|-57.5,-62.5,-27.5,30.0,-55.0,-62.5,-37.5,5.0,-55.0,-60.0,-25.0,0.0,-57.5,-70.0,-25.0,0.0
2018-11-11 18:45:03.818808|-2.53168859027,-1.77188781017|-58.0,-63.0,-28.0,30.0,-55.0,-63.0,-37.0,6.0,-55.0,-60.0,-25.0,0.0,-58.0,-69.0,-25.0,0.0
2018-11-11 18:45:03.874650|0.103626212494,-3.28329157776|-58.5,-63.5,-28.5,30.0,-55.0,-63.5,-36.5,7.0,-55.0,-60.0,-25.0,0.0,-58.5,-68.0,-25.0,0.0
2018-11-11 18:45:03.930427|-0.073581461961,-4.1118257092|-59.0,-64.0,-29.0,30.0,-55.0,-64.0,-36.0,8.0,-55.0,-60.0,-25.0,0.0,-59.0,-67.0,-25.0,0.0
2018-11-11 18:45:03.986419|-0.772474373256,-1.23601742067|-59.5,-64.5,-29.5,30.0,-55.0,-64.5,-35.5,9.0,-55.0,-60.0,-25.0,0.0,-59.5,-66.0,-25.0,0.0
2018-11-11 18:45:04.042177|-0.362713822633,0.707305194652|-60.0,-65.0,-30.0,30.0,-55.0,-65.0,-35.0,10.0,-55.0,-60.0,-25.0,0.0,-60.0,-65.0,-25.0,0.0
2018-11-11 18:45:04.097988|0.165728420053,-3.04828684888|-60.5,-65.5,-30.5,30.0,-55.0,-65.5,-34.5,11.0,-55.0,-60.0,-25.0,0.0,-60.5,-64.0,-25.0,0.0
2018-11-11 18:45:04.153762|-3.6022973221,-5.56115357322|-61.0,-66.0,-31.0,30.0,-55.0,-66.0,-34.0,12.0,-55.0,-60.0,-25.0,0.0,-61.0,-63.0,-25.0,0.0
2018-11-11 18:45:04.209766|-2.03880802103,-6.12680298604|-61.5,-66.5,-31.5,30.0,-55.0,-66.5,-33.5,13.0,-55.0,-60.0,-25.0,0.0,-61.5,-62.0,-25.0,0.0
2018-11-11 18:45:04.265735|3.82440163325,-8.8895389189|-62.0,-67.0,-32.0,30.0,-55.0,-67.0,-33.0,14.0,-55.0,-60.0,-25.0,0.0,-62.0,-61.0,-25.0,0.0
2018-11-11 18:45:04.321510|-0.99376392619,0.433879317738|-62.5,-67.5,-32.5,30.0,-55.0,-67.5,-32.5,15.0,-55.0,-60.0,-25.0,0.0,-62.5,-60.0,-25.0,0.0
2018-11-11 18:45:04.377307|-0.37560225709,4.64750536644|-63.0,-68.0,-33.0,30.0,-55.0,-68.0,-32.0,16.0,-55.0,-60.0,-25.0,0.0,-63.0,-59.0,-25.0,0.0
2018-11-11 18:45:04.433125|-4.47781829732,-2.22266455163|-63.5,-68.5,-33.5,30.0,-55.0,-68.5,-31.5,17.0,-55.0,-60.0,-25.0,0.0,-63.5,-58.0,-25.0,0.0
2018-11-11 18:45:04.489049|2.57145454248,-3.15420503009|-64.0,-69.0,-34.0,30.0,-55.0,-69.0,-31.0,18.0,-55.0,-60.0,-25.0,0.0,-64.0,-57.0,-25.0,0.0
2018-11-11 18:45:04.545130|3.42709729872,-5.08133035639|-64.5,-69.5,-34.5,30.0,-55.0,-69.5,-30.5,19.0,-55.0,-60.0,-25.0,0.0,-64.5,-56.0,-25.0,0.0
2018-11-11 18:45:04.600762|-2.61522075408,-4.41436829678|-65.0,-70.0,-35.0,30.0,-55.0,-70.0,-30.0,20.0,-55.0,-60.0,-25.0,0.0,-65.0,-55.0,-25.0,0.0
2018-11-11 18:45:04.656673|2.64553271154,-8.5899261741|-65.5,-70.5,-35.5,30.0,-55.0,-70.5,-29.5,21.0,-55.0,-60.0,-25.0,0.0,-65.5,-54.0,-25.0,0.0
2018-11-11 18:45:04.712517|8.21439707994,-7.76889231729|-66.0,-71.0,-36.0,30.0,-55.0,-71.0,-29.0,22.0,-55.0,-60.0,-25.0,0.0,-66.0,-53.0,-25.0,0.0
2018-11-11 18:45:04.768314|-1.27634031074,9.23497508774|-66.5,-71.5,-36.5,30.0,-55.0,-71.5,-28.5,23.0,-55.0,-60.0,-25.0,0.0,-66.5,-52.0,-25.0,0.0
2018-11-11 18:45:04.824083|2.95191674893,-3.95004951028|-67.0,-72.0,-37.0,30.0,-55.0,-72.0,-28.0,24.0,-55.0,-60.0,-25.0,0.0,-67.0,-51.0,-25.0,0.0
2018-11-11 18:45:04.879980|1.4642977088,-4.83040439223|-67.5,-72.5,-37.5,30.0,-55.0,-72.5,-27.5,25.0,-55.0,-60.0,-25.0,0.0,-67.5,-50.0,-25.0,0.0
2018-11-11 18:45:04.936162|-1.14512700262,-0.528492463635|-68.0,-73.0,-38.0,30.0,-55.0,-73.0,-27.0,26.0,-55.0,-60.0,-25.0,0.0,-68.0,-49.0,-25.0,0.0
2018-11-11 18:45:04.991930|8.62144120786,-8.25700970996|-68.5,-73.5,-38.5,30.0,-55.0,-73.5,-26.5,27.0,-55.0,-60.0,-25.0,0.0,-68.5,-48.0,-25.0,0.0
2018-11-11 18:45:05.047747|-2.75014911819,-5.11223937448|-69.0,-74.0,-39.0,30.0,-55.0,-74.0,-26.0,28.0,-55.0,-60.0,-25.0,0.0,-69.0,-47.0,-25.0,0.0
2018-11-11 18:45:05.103930|-2.37956341672,3.99976530446|-69.5,-74.5,-39.5,30.0,-55.0,-74.5,-25.5,29.0,-55.0,-60.0,-25.0,0.0,-69.5,-46.0,-25.0,0.0
2018-11-11 18:45:05.160292|4.62235519601,-3.97525045137|-70.0,-75.0,-40.0,30.0,-55.0,-75.0,-25.0,30.0,-55.0,-60.0,-25.0,0.0,-70.0,-45.0,-25.0,0.0
2018-11-11 18:45:05.217384|2.44154211414,-2.99766381122|-69.75,-74.5,-39.75,29.0,-55.0,-74.75,-25.0,29.5,-55.0,-60.25,-25.0,0.0,-70.0,-45.5,-25.0,-0.5
2018-11-11 18:45:05.273598|6.35020000279,1.62004014731|-69.5,-74.0,-39.5,28.0,-55.0,-74.5,-25.0,29.0,-55.0,-60.5,-25.0,0.0,-70.0,-46.0,-25.0,-1.0
2018-11-11 18:45:05.329943|4.07366719316,-3.79422521261|-69.25,-73.5,-39.25,27.0,-55.0,-74.25,-25.0,28.5,-55.0,-60.75,-25.0,0.0,-70.0,-46.5,-25.0,-1.5
2018-11-11 18:45:05.385970|0.487796555703,-8.27237272656|-69.0,-73.0,-39.0,26.0,-55.0,-74.0,-25.0,28.0,-55.0,-61.0,-25.0,0.0,-70.0,-47.0,-25.0,-2.0
2018-11-11 18:45:05.441094|4.45144166548,0.631001003335|-68.75,-72.5,-38.75,25.0,-55.0,-73.75,-25.0,27.5,-55.0,-61.25,-25.0,0.0,-70.0,-47.5,-25.0,-2.5
2018-11-11 18:45:05.496162|5.02881456755,2.85599800592|-68.5,-72.0,-38.5,24.0,-55.0,-73.5,-25.0,27.0,-55.0,-61.5,-25.0,0.0,-70.0,-48.0,-25.0,-3.0
2018-11-11 18:45:05.551199|1.27248942639,4.37897816863|-68.25,-71.5,-38.25,23.0,-55.0,-73.25,-25.0,26.5,-55.0,-61.75,-25.0,0.0,-70.0,-48.5,-25.0,-3.5
2018-11-11 18:45:05.606248|1.16851258835,-4.70860515742|-68.0,-71.0,-38.0,22.0,-55.0,-73.0,-25.0,26.0,-55.0,-62.0,-25.0,0.0,-70.0,-49.0,-25.0,-4.0
2018-11-11 18:45:05.661378|5.31669294486,1.96281099297|-67.75,-70.5,-37.75,21.0,-55.0,-72.75,-25.0,25.5,-55.0,-62.25,-25.0,0.0,-70.0,-49.5,-25.0,-4.5
2018-11-11 18:45:05.716357|6.60406972516,-1.89877129012|-67.5,-70.0,-37.5,20.0,-55.0,-72.5,-25.0,25.0,-55.0,-62.5,-25.0,0.0,-70.0,-50.0,-25.0,-5.0
2018-11-11 18:45:05.771416|5.69953629787,-2.40186223333|-67.25,-69.5,-37.25,19.0,-55.0,-72.25,-25.0,24.5,-55.0,-62.75,-25.0,0.0,-70.0,-50.5,-25.0,-5.5
2018-11-11 18:45:05.826501|0.993448057109,-1.31084819471|-67.0,-69.0,-37.0,18.0,-55.0,-72.0,-25.0,24.0,-55.0,-63.0,-25.0,0.0,-70.0,-51.0,-25.0,-6.0
2018-11-11 18:45:05.881585|1.00745354221,-4.49346798775|-66.75,-68.5,-36.75,17.0,-55.0,-71.75,-25.0,23.5,-55.0,-63.25,-25.0,0.0,-70.0,-51.5,-25.0,-6.5
2018-11-11 18:45:05.936768|6.15655526565,-1.99544065709|-66.5,-68.0,-36.5,16.0,-55.0,-71.5,-25.0,23.0,-55.0,-63.5,-25.0,0.0,-70.0,-52.0,-25.0,-7.0
2018-11-11 18:45:05.991934|1.51062906722,-6.00609479407|-66.25,-67.5,-36.25,15.0,-55.0,-71.25,-25.0,22.5,-55.0,-63.75,-25.0,0.0,-70.0,-52.5,-25.0,-7.5
2018-11-11 18:45:06.046831|2.86351474313,-5.86008372637|-66.0,-67.0,-36.0,14.0,-55.0,-71.0,-25.0,22.0,-55.0,-64.0,-25.0,0.0,-70.0,-53.0,-25.0,-8.0
2018-11-11 18:45:06.102108|8.78733137774,11.6615504951|-65.75,-66.5,-35.75,13.0,-55.0,-70.75,-25.0,21.5,-55.0,-64.25,-25.0,0.0,-70.0,-53.5,-25.0,-8.5
2018-11-11 18:45:06.157538|3.09008283049,-0.585428266163|-65.5,-66.0,-35.5,12.0,-55.0,-70.5,-25.0,21.0,-55.0,-64.5,-25.0,0.0,-70.0,-54.0,-25.0,-9.0
2018-11-11 18:45:06.213011|2.7629055942,-6.94446577151|-65.25,-65.5,-35.25,11.0,-55.0,-70.25,-25.0,20.5,-55.0,-64.75,-25.0,0.0,-70.0,-54.5,-25.0,-9.5
2018-11-11 18:45:06.268218|-1.81382416102,-0.861903974719|-65.0,-65.0,-35.0,10.0,-55.0,-70.0,-25.0,20.0,-55.0,-65.0,-25.0,0.0,-70.0,-55.0,-25.0,-10.0
2018-11-11 18:45:06.323361|8.10450331172,-1.96836093106|-64.75,-64.5,-34.75,9.0,-55.0,-69.75,-25.0,19.5,-55.0,-65.25,-25.0,0.0,-70.0,-55.5,-25.0,-10.5
2018-11-11 18:45:06.378544|3.62527879069,1.00307455032|-64.5,-64.0,-34.5,8.0,-55.0,-69.5,-25.0,19.0,-55.0,-65.5,-25.0,0.0,-70.0,-56.0,-25.0,-11.0
2018-11-11 18:45:06.433350|1.64351946725,-3.35050852151|-64.25,-63.5,-34.25,7.0,-55.0,-69.25,-25.0,18.5,-55.0,-65.75,-25.0,0.0,-70.0,-56.5,-25.0,-11.5
2018-11-11 18:45:06.488601|7.31231309638,-10.703208528|-64.0,-63.0,-34.0,6.0,-55.0,-69.0,-25.0,18.0,-55.0,-66.0,-25.0,0.0,-70.0,-57.0,-25.0,-12.0
2018-11-11 18:45:06.544025|-0.319215839887,5.11421541715|-63.75,-62.5,-33.75,5.0,-55.0,-68.75,-25.0,17.5,-55.0,-66.25,-25.0,0.0,-70.0,-57.5,-25.0,-12.5
2018-11-11 18:45:06.599437|3.54566226936,-3.83670894188|-63.5,-62.0,-33.5,4.0,-55.0,-68.5,-25.0,17.0,-55.0,-66.5,-25.0,0.0,-70.0,-58.0,-25.0,-13.0
2018-11-11 18:45:06.654973|4.25409491174,-5.94547127595|-63.25,-61.5,-33.25,3.0,-55.0,-68.25,-25.0,16.5,-55.0,-66.75,-25.0,0.0,-70.0,-58.5,-25.0,-13.5
2018-11-11 18:45:06.710331|0.972003381727,6.94410806566|-63.0,-61.0,-33.0,2.0,-55.0,-68.0,-25.0,16.0,-55.0,-67.0,-25.0,0.0,-70.0,-59.0,-25.0,-14.0
2018-11-11 18:45:06.765990|2.34646510623,-2.43619201461|-62.75,-60.5,-32.75,1.0,-55.0,-67.75,-25.0,15.5,-55.0,-67.25,-25.0,0.0,-70.0,-59.5,-25.0,-14.5
2018-11-11 18:45:06.821589|5.56266251176,-1.59646611272|-62.5,-60.0,-32.5,0.0,-55.0,-67.5,-25.0,15.0,-55.0,-67.5,-25.0,0.0,-70.0,-60.0,-25.0,-15.0
2018-11-11 18:45:06.876692|1.64128286902,-1.5413538052|-62.25,-59.5,-32.25,-1.0,-55.0,-67.25,-25.0,14.5,-55.0,-67.75,-25.0,0.0,-70.0,-60.5,-25.0,-15.5
2018-11-11 18:45:06.931758|1.64472828365,-8.28177424566|-62.0,-59.0,-32.0,-2.0,-55.0,-67.0,-25.0,14.0,-55.0,-68.0,-25.0,0.0,-70.0,-61.0,-25.0,-16.0
2018-11-11 18:45:06.986881|0.919345001374,0.199183270932|-61.75,-58.5,-31.75,-3.0,-55.0,-66.75,-25.0,13.5,-55.0,-68.25,-25.0,0.0,-70.0,-61.5,-25.0,-16.5
2018-11-11 18:45:07.041950|1.59058290324,2.87079722356|-61.5,-58.0,-31.5,-4.0,-55.0,-66.5,-25.0,13.0,-55.0,-68.5,-25.0,0.0,-70.0,-62.0,-25.0,-17.0
2018-11-11 18:45:07.097089|-3.9623928332,1.93394715233|-61.25,-57.5,-31.25,-5.0,-55.0,-66.25,-25.0,12.5,-55.0,-68.75,-25.0,0.0,-70.0,-62.5,-25.0,-17.5
2018-11-11 18:45:07.152377|5.18073928462,-4.8159825593|-61.0,-57.0,-31.0,-6.0,-55.0,-66.0,-25.0,12.0,-55.0,-69.0,-25.0,0.0,-70.0,-63.0,-25.0,-18.0
2018-11-11 18:45:07.207869|1.99402839568,0.641319621942|-60.75,-56.5,-30.75,-7.0,-55.0,-65.75,-25.0,11.5,-55.0,-69.25,-25.0,0.0,-70.0,-63.5,-25.0,-18.5
2018-11-11 18:45:07.262854|7.89550318448,-0.624427756445|-60.5,-56.0,-30.5,-8.0,-55.0,-65.5,-25.0,11.0,-55.0,-69.5,-25.0,0.0,-70.0,-64.0,-25.0,-19.0
2018-11-11 18:45:07.318045|3.93837595677,1.91445270974|-60.25,-55.5,-30.25,-9.0,-55.0,-65.25,-25.0,10.5,-55.0,-69.75,-25.0,0.0,-70.0,-64.5,-25.0,-19.5
2018-11-11 18:45:07.373158|-2.59105685977,6.32139959329|-60.0,-55.0,-30.0,-10.0,-55.0,-65.0,-25.0,10.0,-55.0,-70.0,-25.0,0.0,-70.0,-65.0,-25.0,-20.0
2018-11-11 18:45:07.428282|4.9748665959,-2.26378142404|-59.75,-54.5,-29.75,-11.0,-55.0,-64.75,-25.0,9.5,-55.0,-70.25,-25.0,0.0,-70.0,-65.5,-25.0,-20.5
2018-11-11 18:45:07.483327|-1.4975417327,-3.88391557412|-59.5,-54.0,-29.5,-12.0,-55.0,-64.5,-25.0,9.0,-55.0,-70.5,-25.0,0.0,-70.0,-66.0,-25.0,-21.0
2018-11-11 18:45:07.538759|-3.72144153484,2.73430878969|-59.25,-53.5,-29.25,-13.0,-55.0,-64.25,-25.0,8.5,-55.0,-70.75,-25.0,0.0,-70.0,-66.5,-25.0,-21.5
2018-11-11 18:45:07.593947|8.41838614727,-4.13080467346|-59.0,-53.0,-29.0,-14.0,-55.0,-64.0,-25.0,8.0,-55.0,-71.0,-25.0,0.0,-70.0,-67.0,-25.0,-22.0
2018-11-11 18:45:07.649192|4.56630583114,-0.230789459721|-58.75,-52.5,-28.75,-15.0,-55.0,-63.75,-25.0,7.5,-55.0,-71.25,-25.0,0.0,-70.0,-67.5,-25.0,-22.5
2018-11-11 18:45:07.704546|-2.05035941958,-0.015412946286|-58.5,-52.0,-28.5,-16.0,-55.0,-63.5,-25.0,7.0,-55.0,-71.5,-25.0,0.0,-70.0,-68.0,-25.0,-23.0
2018-11-11 18:45:07.760551|4.41443937551,-1.03220062406|-58.25,-51.5,-28.25,-17.0,-55.0,-63.25,-25.0,6.5,-55.0,-71.75,-25.0,0.0,-70.0,-68.5,-25.0,-23.5
2018-11-11 18:45:07.816747|1.52261240704,-3.40864305169|-58.0,-51.0,-28.0,-18.0,-55.0,-63.0,-25.0,6.0,-55.0,-72.0,-25.0,0.0,-70.0,-69.0,-25.0,-24.0
2018-11-11 18:45:07.872611|1.29204913823,-7.96815251063|-57.75,-50.5,-27.75,-19.0,-55.0,-62.75,-25.0,5.5,-55.0,-72.25,-25.0,0.0,-70.0,-69.5,-25.0,-24.5
2018-11-11 18:45:07.928466|-4.82656811317,9.06183598893|-57.5,-50.0,-27.5,-20.0,-55.0,-62.5,-25.0,5.0,-55.0,-72.5,-25.0,0.0,-70.0,-70.0,-25.0,-25.0
2018-11-11 18:45:07.984366|7.24420336856,-8.92049829608|-57.25,-49.5,-27.25,-21.0,-55.0,-62.25,-25.0,4.5,-55.0,-72.75,-25.0,0.0,-70.0,-70.5,-25.0,-25.5
2018-11-11 18:45:08.040237|5.50307493585,-5.38437573896|-57.0,-49.0,-27.0,-22.0,-55.0,-62.0,-25.0,4.0,-55.0,-73.0,-25.0,0.0,-70.0,-71.0,-25.0,-26.0
2018-11-11 18:45:08.096256|2.03128733456,-7.23330476775|-56.75,-48.5,-26.75,-23.0,-55.0,-61.75,-25.0,3.5,-55.0,-73.25,-25.0,0.0,-70.0,-71.5,-25.0,-26.5
2018-11-11 18:45:08.152248|-1.77428766524,2.0875254628|-56.5,-48.0,-26.5,-24.0,-55.0,-61.5,-25.0,3.0,-55.0,-73.5,-25.0,0.0,-70.0,-72.0,-25.0,-27.0
2018-11-11 18:45:08.208140|-2.38227475489,-3.17707908929|-56.25,-47.5,-26.25,-25.0,-55.0,-61.25,-25.0,2.5,-55.0,-73.75,-25.0,0.0,-70.0,-72.5,-25.0,-27.5
2018-11-11 18:45:08.264038|2.44627726957,-2.87328492148|-56.0,-47.0,-26.0,-26.0,-55.0,-61.0,-25.0,2.0,-55.0,-74.0,-25.0,0.0,-70.0,-73.0,-25.0,-28.0
2018-11-11 18:45:08.320058|0.200779193567,4.46467414782|-55.75,-46.5,-25.75,-27.0,-55.0,-60.75,-25.0,1.5,-55.0,-74.25,-25.0,0.0,-70.0,-73.5,-25.0,-28.5
2018-11-11 18:45:08.376137|8.10754198841,-3.63070960711|-55.5,-46.0,-25.5,-28.0,-55.0,-60.5,-25.0,1.0,-55.0,-74.5,-25.0,0.0,-70.0,-74.0,-25.0,-29.0
2018-11-11 18:45:08.432103|0.229464955466,-4.26541947853|-55.25,-45.5,-25.25,-29.0,-55.0,-60.25,-25.0,0.5,-55.0,-74.75,-25.0,0.0,-70.0,-74.5,-25.0,-29.5
2018-11-11 18:45:08.488055|0.0929529961126,5.86628006025|-55.0,-45.0,-25.0,-30.0,-55.0,-60.0,-25.0,0.0,-55.0,-75.0,-25.0,0.0,-70.0,-75.0,-25.0,-30.0
2018-11-11 18:45:08.544365|0.613901170901,2.71577225415|-55.0,-45.25,-25.0,-29.0,-55.0,-60.0,-25.0,-0.5,-55.0,-74.75,-25.0,0.0,-69.75,-74.75,-25.25,-30.0
2018-11-11 18:45:08.600185|5.80703362059,-5.42436516041|-55.0,-45.5,-25.0,-28.0,-55.0,-60.0,-25.0,-1.0,-55.0,-74.5,-25.0,0.0,-69.5,-74.5,-25.5,-30.0
2018-11-11 18:45:08.656042|5.11439897011,-0.567521484203|-55.0,-45.75,-25.0,-27.0,-55.0,-60.0,-25.0,-1.5,-55.0,-74.25,-25.0,0.0,-69.25,-74.25,-25.75,-30.0
2018-11-11 18:45:08.716248|1.5566100574,-0.404073556718|-55.0,-46.0,-25.0,-26.0,-55.0,-60.0,-25.0,-2.0,-55.0,-74.0,-25.0,0.0,-69.0,-74.0,-26.0,-30.0
2018-11-11 18:45:08.772092|-1.61428549571,-1.76807366603|-55.0,-46.25,-25.0,-25.0,-55.0,-60.0,-25.0,-2.5,-55.0,-73.75,-25.0,0.0,-68.75,-73.75,-26.25,-30.0
2018-11-11 18:45:08.827944|7.09283608149,-6.73023360568|-55.0,-46.5,-25.0,-24.0,-55.0,-60.0,-25.0,-3.0,-55.0,-73.5,-25.0,0.0,-68.5,-73.5,-26.5,-30.0
2018-11-11 18:45:08.883744|0.951766503962,2.40975853894|-55.0,-46.75,-25.0,-23.0,-55.0,-60.0,-25.0,-3.5,-55.0,-73.25,-25.0,0.0,-68.25,-73.25,-26.75,-30.0
2018-11-11 18:45:08.939579|1.52379082791,0.657572955134|-55.0,-47.0,-25.0,-22.0,-55.0,-60.0,-25.0,-4.0,-55.0,-73.0,-25.0,0.0,-68.0,-73.0,-27.0,-30.0
2018-11-11 18:45:08.995458|1.75000198007,-2.25228160428|-55.0,-47.25,-25.0,-21.0,-55.0,-60.0,-25.0,-4.5,-55.0,-72.75,-25.0,0.0,-67.75,-72.75,-27.25,-30.0
2018-11-11 18:45:09.051281|5.50632307715,-5.70041836243|-55.0,-47.5,-25.0,-20.0,-55.0,-60.0,-25.0,-5.0,-55.0,-72.5,-25.0,0.0,-67.5,-72.5,-27.5,-30.0
2018-11-11 18:45:09.106867|3.16337503522,1.78668854895|-55.0,-47.75,-25.0,-19.0,-55.0,-60.0,-25.0,-5.5,-55.0,-72.25,-25.0,0.0,-67.25,-72.25,-27.75,-30.0
2018-11-11 18:45:09.162560|2.75588368306,-3.4711570442|-55.0,-48.0,-25.0,-18.0,-55.0,-60.0,-25.0,-6.0,-55.0,-72.0,-25.0,0.0,-67.0,-72.0,-28.0,-30.0
2018-11-11 18:45:09.218329|8.11400784235,-10.8556917966|-55.0,-48.25,-25.0,-17.0,-55.0,-60.0,-25.0,-6.5,-55.0,-71.75,-25.0,0.0,-66.75,-71.75,-28.25,-30.0
2018-11-11 18:45:09.274073|-1.20131713428,3.85949576848|-55.0,-48.5,-25.0,-16.0,-55.0,-60.0,-25.0,-7.0,-55.0,-71.5,-25.0,0.0,-66.5,-71.5,-28.5,-30.0
2018-11-11 18:45:09.329974|-0.798685064258,5.38222305055|-55.0,-48.75,-25.0,-15.0,-55.0,-60.0,-25.0,-7.5,-55.0,-71.25,-25.0,0.0,-66.25,-71.25,-28.75,-30.0
2018-11-11 18:45:09.386245|3.55236869301,-5.88353015069|-55.0,-49.0,-25.0,-14.0,-55.0,-60.0,-25.0,-8.0,-55.0,-71.0,-25.0,0.0,-66.0,-71.0,-29.0,-30.0
2018-11-11 18:45:09.442490|2.28609893568,-3.32322604905|-55.0,-49.25,-25.0,-13.0,-55.0,-60.0,-25.0,-8.5,-55.0,-70.75,-25.0,0.0,-65.75,-70.75,-29.25,-30.0
2018-11-11 18:45:09.498559|0.98634565844,4.72549081762|-55.0,-49.5,-25.0,-12.0,-55.0,-60.0,-25.0,-9.0,-55.0,-70.5,-25.0,0.0,-65.5,-70.5,-29.5,-30.0
2018-11-11 18:45:09.554891|2.55215375592,-4.4328604739|-55.0,-49.75,-25.0,-11.0,-55.0,-60.0,-25.0,-9.5,-55.0,-70.25,-25.0,0.0,-65.25,-70.25,-29.75,-30.0
2018-11-11 18:45:09.610668|2.9181095238,-5.31734112887|-55.0,-50.0,-25.0,-10.0,-55.0,-60.0,-25.0,-10.0,-55.0,-70.0,-25.0,0.0,-65.0,-70.0,-30.0,-30.0
2018-11-11 18:45:09.666704|1.0978079919,6.0273004107|-55.0,-50.25,-25.0,-9.0,-55.0,-60.0,-25.0,-10.5,-55.0,-69.75,-25.0,0.0,-64.75,-69.75,-30.25,-30.0
2018-11-11 18:45:09.722485|-0.228257586268,-9.06822863103|-55.0,-50.5,-25.0,-8.0,-55.0,-60.0,-25.0,-11.0,-55.0,-69.5,-25.0,0.0,-64.5,-69.5,-30.5,-30.0
2018-11-11 18:45:09.778310|5.74982278667,1.70378742126|-55.0,-50.75,-25.0,-7.0,-55.0,-60.0,-25.0,-11.5,-55.0,-69.25,-25.0,0.0,-64.25,-69.25,-30.75,-30.0
2018-11-11 18:45:09.834180|2.86259381933,-8.90114913305|-55.0,-51.0,-25.0,-6.0,-55.0,-60.0,-25.0,-12.0,-55.0,-69.0,-25.0,0.0,-64.0,-69.0,-31.0,-30.0
2018-11-11 18:45:09.889985|2.13464192193,-1.14699975184|-55.0,-51.25,-25.0,-5.0,-55.0,-60.0,-25.0,-12.5,-55.0,-68.75,-25.0,0.0,-63.75,-68.75,-31.25,-30.0
2018-11-11 18:45:09.945875|-0.674844550329,9.65460103661|-55.0,-51.5,-25.0,-4.0,-55.0,-60.0,-25.0,-13.0,-55.0,-68.5,-25.0,0.0,-63.5,-68.5,-31.5,-30.0
2018-11-11 18:45:10.001635|-1.33945847252,3.63778542257|-55.0,-51.75,-25.0,-3.0,-55.0,-60.0,-25.0,-13.5,-55.0,-68.25,-25.0,0.0,-63.25,-68.25,-31.75,-30.0
2018-11-11 18:45:10.057434|1.33601404091,-0.445302141044|-55.0,-52.0,-25.0,-2.0,-55.0,-60.0,-25.0,-14.0,-55.0,-68.0,-25.0,0.0,-63.0,-68.0,-32.0,-30.0
2018-11-11 18:45:10.113186|3.56592479367,-0.694997493747|-55.0,-52.25,-25.0,-1.0,-55.0,-60.0,-25.0,-14.5,-55.0,-67.75,-25.0,0.0,-62.75,-67.75,-32.25,-30.0
2018-11-11 18:45:10.169328|1.84982754109,-12.1193601282|-55.0,-52.5,-25.0,0.0,-55.0,-60.0,-25.0,-15.0,-55.0,-67.5,-25.0,0.0,-62.5,-67.5,-32.5,-30.0
2018-11-11 18:45:10.225526|3.54835317629,4.56754687684|-55.0,-52.75,-25.0,1.0,-55.0,-60.0,-25.0,-15.5,-55.0,-67.25,-25.0,0.0,-62.25,-67.25,-32.75,-30.0
2018-11-11 18:45:10.281726|0.574327480074,-7.99076081247|-55.0,-53.0,-25.0,2.0,-55.0,-60.0,-25.0,-16.0,-55.0,-67.0,-25.0,0.0,-62.0,-67.0,-33.0,-30.0
2018-11-11 18:45:10.338029|1.7667153116,2.55822648462|-55.0,-53.25,-25.0,3.0,-55.0,-60.0,-25.0,-16.5,-55.0,-66.75,-25.0,0.0,-61.75,-66.75,-33.25,-30.0
2018-11-11 18:45:10.394212|2.26645280949,-3.65108894198|-55.0,-53.5,-25.0,4.0,-55.0,-60.0,-25.0,-17.0,-55.0,-66.5,-25.0,0.0,-61.5,-66.5,-33.5,-30.0
2018-11-11 18:45:10.450068|3.66662888496,0.845598401967|-55.0,-53.75,-25.0,5.0,-55.0,-60.0,-25.0,-17.5,-55.0,-66.25,-25.0,0.0,-61.25,-66.25,-33.75,-30.0
2018-11-11 18:45:10.505977|1.60384333483,-1.8330371206|-55.0,-54.0,-25.0,6.0,-55.0,-60.0,-25.0,-18.0,-55.0,-66.0,-25.0,0.0,-61.0,-66.0,-34.0,-30.0
2018-11-11 18:45:10.561862|5.2327139764,-1.3613779044|-55.0,-54.25,-25.0,7.0,-55.0,-60.0,-25.0,-18.5,-55.0,-65.75,-25.0,0.0,-60.75,-65.75,-34.25,-30.0
2018-11-11 18:45:10.617588|0.933647604072,-5.03921556207|-55.0,-54.5,-25.0,8.0,-55.0,-60.0,-25.0,-19.0,-55.0,-65.5,-25.0,0.0,-60.5,-65.5,-34.5,-30.0
2018-11-11 18:45:10.673386|-4.63657053819,-3.24546546778|-55.0,-54.75,-25.0,9.0,-55.0,-60.0,-25.0,-19.5,-55.0,-65.25,-25.0,0.0,-60.25,-65.25,-34.75,-30.0
2018-11-11 18:45:10.729191|0.480635973581,-5.73534345177|-55.0,-55.0,-25.0,10.0,-55.0,-60.0,-25.0,-20.0,-55.0,-65.0,-25.0,0.0,-60.0,-65.0,-35.0,-30.0
2018-11-11 18:45:10.785493|1.64554835546,-1.18837341663|-55.0,-55.25,-25.0,11.0,-55.0,-60.0,-25.0,-20.5,-55.0,-64.75,-25.0,0.0,-59.75,-64.75,-35.25,-30.0
2018-11-11 18:45:10.841588|4.18231375647,-6.23457917306|-55.0,-55.5,-25.0,12.0,-55.0,-60.0,-25.0,-21.0,-55.0,-64.5,-25.0,0.0,-59.5,-64.5,-35.5,-30.0
2018-11-11 18:45:10.897768|1.31486205731,1.98621304382|-55.0,-55.75,-25.0,13.0,-55.0,-60.0,-25.0,-21.5,-55.0,-64.25,-25.0,0.0,-59.25,-64.25,-35.75,-30.0
2018-11-11 18:45:10.953943|5.34315563007,-8.99275042749|-55.0,-56.0,-25.0,14.0,-55.0,-60.0,-25.0,-22.0,-55.0,-64.0,-25.0,0.0,-59.0,-64.0,-36.0,-30.0
2018-11-11 18:45:11.009851|4.41275793119,-5.93665839195|-55.0,-56.25,-25.0,15.0,-55.0,-60.0,-25.0,-22.5,-55.0,-63.75,-25.0,0.0,-58.75,-63.75,-36.25,-30.0
2018-11-11 18:45:11.065769|0.469030542094,-8.86148958778|-55.0,-56.5,-25.0,16.0,-55.0,-60.0,-25.0,-23.0,-55.0,-63.5,-25.0,0.0,-58.5,-63.5,-36.5,-30.0
2018-11-11 18:45:11.121837|-3.30923836606,-2.38326832916|-55.0,-56.75,-25.0,17.0,-55.0,-60.0,-25.0,-23.5,-55.0,-63.25,-25.0,0.0,-58.25,-63.25,-36.75,-30.0
2018-11-11 18:45:11.204064|6.49287045063,-5.80912246177|-55.0,-57.0,-25.0,18.0,-55.0,-60.0,-25.0,-24.0,-55.0,-63.0,-25.0,0.0,-58.0,-63.0,-37.0,-30.0
2018-11-11 18:45:11.260002|5.1914558974,-5.79493627342|-55.0,-57.25,-25.0,19.0,-55.0,-60.0,-25.0,-24.5,-55.0,-62.75,-25.0,0.0,-57.75,-62.75,-37.25,-30.0
2018-11-11 18:45:11.316328|0.791149187961,-4.05207061428|-55.0,-57.5,-25.0,20.0,-55.0,-60.0,-25.0,-25.0,-55.0,-62.5,-25.0,0.0,-57.5,-62.5,-37.5,-30.0
2018-11-11 18:45:11.372190|5.21139787752,-6.91429694078|-55.0,-57.75,-25.0,21.0,-55.0,-60.0,-25.0,-25.5,-55.0,-62.25,-25.0,0.0,-57.25,-62.25,-37.75,-30.0
2018-11-11 18:45:11.428139|2.849445889,-5.76820061958|-55.0,-58.0,-25.0,22.0,-55.0,-60.0,-25.0,-26.0,-55.0,-62.0,-25.0,0.0,-57.0,-62.0,-38.0,-30.0
2018-11-11 18:45:11.485080|5.01186546103,-3.2070741401|-55.0,-58.25,-25.0,23.0,-55.0,-60.0,-25.0,-26.5,-55.0,-61.75,-25.0,0.0,-56.75,-61.75,-38.25,-30.0
2018-11-11 18:45:11.541241|5.77235275237,-10.2720511574|-55.0,-58.5,-25.0,24.0,-55.0,-60.0,-25.0,-27.0,-55.0,-61.5,-25.0,0.0,-56.5,-61.5,-38.5,-30.0
2018-11-11 18:45:11.597197|1.94068389882,-7.6948087444|-55.0,-58.75,-25.0,25.0,-55.0,-60.0,-25.0,-27.5,-55.0,-61.25,-25.0,0.0,-56.25,-61.25,-38.75,-30.0
2018-11-11 18:45:11.653134|2.17794183177,-2.41802004095|-55.0,-59.0,-25.0,26.0,-55.0,-60.0,-25.0,-28.0,-55.0,-61.0,-25.0,0.0,-56.0,-61.0,-39.0,-30.0
2018-11-11 18:45:11.709105|7.20342720339,-5.17206949067|-55.0,-59.25,-25.0,27.0,-55.0,-60.0,-25.0,-28.5,-55.0,-60.75,-25.0,0.0,-55.75,-60.75,-39.25,-30.0
2018-11-11 18:45:11.765121|5.78077361829,-5.04783558987|-55.0,-59.5,-25.0,28.0,-55.0,-60.0,-25.0,-29.0,-55.0,-60.5,-25.0,0.0,-55.5,-60.5,-39.5,-30.0
2018-11-11 18:45:11.821033|4.03821887569,-0.707280784264|-55.0,-59.75,-25.0,29.0,-55.0,-60.0,-25.0,-29.5,-55.0,-60.25,-25.0,0.0,-55.25,-60.25,-39.75,-30.0
2018-11-11 18:45:11.877864|7.76648563151,-8.47875237537|-55.0,-60.0,-25.0,30.0,-55.0,-60.0,-25.0,-30.0,-55.0,-60.0,-25.0,0.0,-55.0,-60.0,-40.0,-30.0
2018-11-11 18:45:11.935253|2.33690294803,-1.06358018273|-55.0,-59.5,-24.5,30.0,-55.0,-60.5,-25.0,-29.0,-55.0,-59.5,-25.0,0.0,-55.5,-60.0,-39.5,-29.0
2018-11-11 18:45:11.991239|6.39779158663,-5.34533390198|-55.0,-59.0,-24.0,30.0,-55.0,-61.0,-25.0,-28.0,-55.0,-59.0,-25.0,0.0,-56.0,-60.0,-39.0,-28.0
2018-11-11 18:45:12.047358|9.00150865619,-3.40884408191|-55.0,-58.5,-23.5,30.0,-55.0,-61.5,-25.0,-27.0,-55.0,-58.5,-25.0,0.0,-56.5,-60.0,-38.5,-27.0
2018-11-11 18:45:12.103429|5.43093837395,-11.1188123646|-55.0,-58.0,-23.0,30.0,-55.0,-62.0,-25.0,-26.0,-55.0,-58.0,-25.0,0.0,-57.0,-60.0,-38.0,-26.0
2018-11-11 18:45:12.159465|2.99739495797,-5.48069105074|-55.0,-57.5,-22.5,30.0,-55.0,-62.5,-25.0,-25.0,-55.0,-57.5,-25.0,0.0,-57.5,-60.0,-37.5,-25.0
2018-11-11 18:45:12.215675|6.65176773465,-7.91123668421|-55.0,-57.0,-22.0,30.0,-55.0,-63.0,-25.0,-24.0,-55.0,-57.0,-25.0,0.0,-58.0,-60.0,-37.0,-24.0
2018-11-11 18:45:12.272400|5.07613192157,-7.83844107558|-55.0,-56.5,-21.5,30.0,-55.0,-63.5,-25.0,-23.0,-55.0,-56.5,-25.0,0.0,-58.5,-60.0,-36.5,-23.0
2018-11-11 18:45:12.328210|10.7804745812,-2.45446958409|-55.0,-56.0,-21.0,30.0,-55.0,-64.0,-25.0,-22.0,-55.0,-56.0,-25.0,0.0,-59.0,-60.0,-36.0,-22.0
2018-11-11 18:45:12.384125|9.86359403327,-5.26333211271|-55.0,-55.5,-20.5,30.0,-55.0,-64.5,-25.0,-21.0,-55.0,-55.5,-25.0,0.0,-59.5,-60.0,-35.5,-21.0
2018-11-11 18:45:12.440131|3.54263308083,-3.70461799862|-55.0,-55.0,-20.0,30.0,-55.0,-65.0,-25.0,-20.0,-55.0,-55.0,-25.0,0.0,-60.0,-60.0,-35.0,-20.0
2018-11-11 18:45:12.496443|4.03807516288,-8.33109479741|-55.0,-54.5,-19.5,30.0,-55.0,-65.5,-25.0,-19.0,-55.0,-54.5,-25.0,0.0,-60.5,-60.0,-34.5,-19.0
2018-11-11 18:45:12.552332|-1.21158628333,-5.9954334816|-55.0,-54.0,-19.0,30.0,-55.0,-66.0,-25.0,-18.0,-55.0,-54.0,-25.0,0.0,-61.0,-60.0,-34.0,-18.0
2018-11-11 18:45:12.608294|3.34108210467,-10.1674336028|-55.0,-53.5,-18.5,30.0,-55.0,-66.5,-25.0,-17.0,-55.0,-53.5,-25.0,0.0,-61.5,-60.0,-33.5,-17.0
2018-11-11 18:45:12.665264|2.47644078606,-0.702250842812|-55.0,-53.0,-18.0,30.0,-55.0,-67.0,-25.0,-16.0,-55.0,-53.0,-25.0,0.0,-62.0,-60.0,-33.0,-16.0
2018-11-11 18:45:12.721121|4.03770179477,-3.98756615786|-55.0,-52.5,-17.5,30.0,-55.0,-67.5,-25.0,-15.0,-55.0,-52.5,-25.0,0.0,-62.5,-60.0,-32.5,-15.0
2018-11-11 18:45:12.776969|-2.67757749579,-11.1930935502|-55.0,-52.0,-17.0,30.0,-55.0,-68.0,-25.0,-14.0,-55.0,-52.0,-25.0,0.0,-63.0,-60.0,-32.0,-14.0
2018-11-11 18:45:12.832803|3.49329089078,-7.24654957057|-55.0,-51.5,-16.5,30.0,-55.0,-68.5,-25.0,-13.0,-55.0,-51.5,-25.0,0.0,-63.5,-60.0,-31.5,-13.0
2018-11-11 18:45:12.888673|0.45653640605,-6.59970653698|-55.0,-51.0,-16.0,30.0,-55.0,-69.0,-25.0,-12.0,-55.0,-51.0,-25.0,0.0,-64.0,-60.0,-31.0,-12.0
2018-11-11 18:45:12.944667|1.76558983748,-6.5585714458|-55.0,-50.5,-15.5,30.0,-55.0,-69.5,-25.0,-11.0,-55.0,-50.5,-25.0,0.0,-64.5,-60.0,-30.5,-11.0
2018-11-11 18:45:13.000564|-1.19034153751,-2.35178311337|-55.0,-50.0,-15.0,30.0,-55.0,-70.0,-25.0,-10.0,-55.0,-50.0,-25.0,0.0,-65.0,-60.0,-30.0,-10.0
2018-11-11 18:45:13.056526|0.448474095305,-5.85981242175|-55.0,-49.5,-14.5,30.0,-55.0,-70.5,-25.0,-9.0,-55.0,-49.5,-25.0,0.0,-65.5,-60.0,-29.5,-9.0
2018-11-11 18:45:13.112384|6.04356044018,-1.57190384446|-55.0,-49.0,-14.0,30.0,-55.0,-71.0,-25.0,-8.0,-55.0,-49.0,-25.0,0.0,-66.0,-60.0,-29.0,-8.0
2018-11-11 18:45:13.168272|1.22066719161,-5.06878273311|-55.0,-48.5,-13.5,30.0,-55.0,-71.5,-25.0,-7.0,-55.0,-48.5,-25.0,0.0,-66.5,-60.0,-28.5,-7.0
2018-11-11 18:45:13.224115|-0.826476418716,-9.54828352283|-55.0,-48.0,-13.0,30.0,-55.0,-72.0,-25.0,-6.0,-55.0,-48.0,-25.0,0.0,-67.0,-60.0,-28.0,-6.0
2018-11-11 18:45:13.280073|4.89014367586,-5.41184903478|-55.0,-47.5,-12.5,30.0,-55.0,-72.5,-25.0,-5.0,-55.0,-47.5,-25.0,0.0,-67.5,-60.0,-27.5,-5.0
2018-11-11 18:45:13.336178|2.05729571049,-5.14141344323|-55.0,-47.0,-12.0,30.0,-55.0,-73.0,-25.0,-4.0,-55.0,-47.0,-25.0,0.0,-68.0,-60.0,-27.0,-4.0
2018-11-11 18:45:13.391900|0.15093085014,-8.302773209|-55.0,-46.5,-11.5,30.0,-55.0,-73.5,-25.0,-3.0,-55.0,-46.5,-25.0,0.0,-68.5,-60.0,-26.5,-3.0
2018-11-11 18:45:13.447785|2.4542703587,-10.5538430416|-55.0,-46.0,-11.0,30.0,-55.0,-74.0,-25.0,-2.0,-55.0,-46.0,-25.0,0.0,-69.0,-60.0,-26.0,-2.0
2018-11-11 18:45:13.503598|1.03264751927,11.7048778553|-55.0,-45.5,-10.5,30.0,-55.0,-74.5,-25.0,-1.0,-55.0,-45.5,-25.0,0.0,-69.5,-60.0,-25.5,-1.0
2018-11-11 18:45:13.559476|-0.413325951031,-14.5509307693|-55.0,-45.0,-10.0,30.0,-55.0,-75.0,-25.0,0.0,-55.0,-45.0,-25.0,0.0,-70.0,-60.0,-25.0,0.0
2018-11-11 18:45:13.615885|-4.82064379281,-0.407618959503|-55.0,-45.5,-10.0,29.0,-55.0,-75.0,-25.5,0.0,-55.0,-45.5,-25.0,-1.0,-69.5,-60.0,-25.0,0.0
2018-11-11 18:45:13.671732|-6.46219710651,-16.1012632357|-55.0,-46.0,-10.0,28.0,-55.0,-75.0,-26.0,0.0,-55.0,-46.0,-25.0,-2.0,-69.0,-60.0,-25.0,0.0
2018-11-11 18:45:13.732355|-1.60309466766,-6.967994135|-55.0,-46.5,-10.0,27.0,-55.0,-75.0,-26.5,0.0,-55.0,-46.5,-25.0,-3.0,-68.5,-60.0,-25.0,0.0
2018-11-11 18:45:13.787992|-1.038726483,-4.81484743175|-55.0,-47.0,-10.0,26.0,-55.0,-75.0,-27.0,0.0,-55.0,-47.0,-25.0,-4.0,-68.0,-60.0,-25.0,0.0
2018-11-11 18:45:13.843753|1.43979751525,-9.31002026377|-55.0,-47.5,-10.0,25.0,-55.0,-75.0,-27.5,0.0,-55.0,-47.5,-25.0,-5.0,-67.5,-60.0,-25.0,0.0
2018-11-11 18:45:13.899466|2.09969287879,-17.3420034838|-55.0,-48.0,-10.0,24.0,-55.0,-75.0,-28.0,0.0,-55.0,-48.0,-25.0,-6.0,-67.0,-60.0,-25.0,0.0
2018-11-11 18:45:13.955622|-1.46245129655,-12.0202885273|-55.0,-48.5,-10.0,23.0,-55.0,-75.0,-28.5,0.0,-55.0,-48.5,-25.0,-7.0,-66.5,-60.0,-25.0,0.0
2018-11-11 18:45:14.011356|-0.136488540612,-9.42988386543|-55.0,-49.0,-10.0,22.0,-55.0,-75.0,-29.0,0.0,-55.0,-49.0,-25.0,-8.0,-66.0,-60.0,-25.0,0.0
2018-11-11 18:45:14.067111|-7.59100289402,-10.3995794526|-55.0,-49.5,-10.0,21.0,-55.0,-75.0,-29.5,0.0,-55.0,-49.5,-25.0,-9.0,-65.5,-60.0,-25.0,0.0
2018-11-11 18:45:14.122900|-3.4709697134,-9.07072069749|-55.0,-50.0,-10.0,20.0,-55.0,-75.0,-30.0,0.0,-55.0,-50.0,-25.0,-10.0,-65.0,-60.0,-25.0,0.0
2018-11-11 18:45:14.178719|0.179528717452,-13.0382846064|-55.0,-50.5,-10.0,19.0,-55.0,-75.0,-30.5,0.0,-55.0,-50.5,-25.0,-11.0,-64.5,-60.0,-25.0,0.0
2018-11-11 18:45:14.234508|1.49099308061,-15.7740830523|-55.0,-51.0,-10.0,18.0,-55.0,-75.0,-31.0,0.0,-55.0,-51.0,-25.0,-12.0,-64.0,-60.0,-25.0,0.0
2018-11-11 18:45:14.290226|2.45349349633,-10.0912280896|-55.0,-51.5,-10.0,17.0,-55.0,-75.0,-31.5,0.0,-55.0,-51.5,-25.0,-13.0,-63.5,-60.0,-25.0,0.0
2018-11-11 18:45:14.346034|-3.01283775688,-3.1282742994|-55.0,-52.0,-10.0,16.0,-55.0,-75.0,-32.0,0.0,-55.0,-52.0,-25.0,-14.0,-63.0,-60.0,-25.0,0.0
2018-11-11 18:45:14.401743|-2.38522078444,-3.02913890747|-55.0,-52.5,-10.0,15.0,-55.0,-75.0,-32.5,0.0,-55.0,-52.5,-25.0,-15.0,-62.5,-60.0,-25.0,0.0
2018-11-11 18:45:14.458254|-1.6243599256,-10.6858172179|-55.0,-53.0,-10.0,14.0,-55.0,-75.0,-33.0,0.0,-55.0,-53.0,-25.0,-16.0,-62.0,-60.0,-25.0,0.0
2018-11-11 18:45:14.843214|-2.54669782536,-5.09844450074|-55.0,-53.5,-10.0,13.0,-55.0,-75.0,-33.5,0.0,-55.0,-53.5,-25.0,-17.0,-61.5,-60.0,-25.0,0.0
2018-11-11 18:45:14.898286|-2.31145887231,-6.72246186203|-55.0,-54.0,-10.0,12.0,-55.0,-75.0,-34.0,0.0,-55.0,-54.0,-25.0,-18.0,-61.0,-60.0,-25.0,0.0
2018-11-11 18:45:14.953497|-2.74251529333,-5.18846311958|-55.0,-54.5,-10.0,11.0,-55.0,-75.0,-34.5,0.0,-55.0,-54.5,-25.0,-19.0,-60.5,-60.0,-25.0,0.0
2018-11-11 18:45:15.008518|-2.02040657035,-1.58843821423|-55.0,-55.0,-10.0,10.0,-55.0,-75.0,-35.0,0.0,-55.0,-55.0,-25.0,-20.0,-60.0,-60.0,-25.0,0.0
2018-11-11 18:45:15.063491|-2.48743179297,-11.7727809647|-55.0,-55.5,-10.0,9.0,-55.0,-75.0,-35.5,0.0,-55.0,-55.5,-25.0,-21.0,-59.5,-60.0,-25.0,0.0
2018-11-11 18:45:15.118549|-0.206114838225,-6.23696491605|-55.0,-56.0,-10.0,8.0,-55.0,-75.0,-36.0,0.0,-55.0,-56.0,-25.0,-22.0,-59.0,-60.0,-25.0,0.0
2018-11-11 18:45:15.173602|-2.04441552947,-8.57582857511|-55.0,-56.5,-10.0,7.0,-55.0,-75.0,-36.5,0.0,-55.0,-56.5,-25.0,-23.0,-58.5,-60.0,-25.0,0.0
2018-11-11 18:45:15.228592|-1.7650688555,-6.77063129498|-55.0,-57.0,-10.0,6.0,-55.0,-75.0,-37.0,0.0,-55.0,-57.0,-25.0,-24.0,-58.0,-60.0,-25.0,0.0
2018-11-11 18:45:15.283552|-5.8856617847,-6.25882876167|-55.0,-57.5,-10.0,5.0,-55.0,-75.0,-37.5,0.0,-55.0,-57.5,-25.0,-25.0,-57.5,-60.0,-25.0,0.0
2018-11-11 18:45:15.338497|-4.00960942417,-9.10842620503|-55.0,-58.0,-10.0,4.0,-55.0,-75.0,-38.0,0.0,-55.0,-58.0,-25.0,-26.0,-57.0,-60.0,-25.0,0.0
2018-11-11 18:45:15.397715|-5.98265325279,-3.15206044661|-55.0,-58.5,-10.0,3.0,-55.0,-75.0,-38.5,0.0,-55.0,-58.5,-25.0,-27.0,-56.5,-60.0,-25.0,0.0
2018-11-11 18:45:15.452825|5.36783912251,-3.16117671087|-55.0,-59.0,-10.0,2.0,-55.0,-75.0,-39.0,0.0,-55.0,-59.0,-25.0,-28.0,-56.0,-60.0,-25.0,0.0
2018-11-11 18:45:15.507877|-6.31740061008,-33.6945776086|-55.0,-59.5,-10.0,1.0,-55.0,-75.0,-39.5,0.0,-55.0,-59.5,-25.0,-29.0,-55.5,-60.0,-25.0,0.0
2018-11-11 18:45:15.562869|-13.3120261587,-23.6298744617|-55.0,-60.0,-10.0,0.0,-55.0,-75.0,-40.0,0.0,-55.0,-60.0,-25.0,-30.0,-55.0,-60.0,-25.0,0.0
2018-11-11 18:45:15.619099|-8.7571964516,-0.970666928041|-55.0,-60.0,-10.0,0.0,-55.5,-74.5,-40.0,0.0,-54.5,-60.0,-25.5,-29.0,-55.0,-60.0,-24.5,-1.0
2018-11-11 18:45:15.674256|-2.19175260023,-12.6208737438|-55.0,-60.0,-10.0,0.0,-56.0,-74.0,-40.0,0.0,-54.0,-60.0,-26.0,-28.0,-55.0,-60.0,-24.0,-2.0
2018-11-11 18:45:15.729433|-0.205364459043,-2.47883238868|-55.0,-60.0,-10.0,0.0,-56.5,-73.5,-40.0,0.0,-53.5,-60.0,-26.5,-27.0,-55.0,-60.0,-23.5,-3.0
2018-11-11 18:45:15.785327|-3.19264399792,-9.77223836231|-55.0,-60.0,-10.0,0.0,-57.0,-73.0,-40.0,0.0,-53.0,-60.0,-27.0,-26.0,-55.0,-60.0,-23.0,-4.0
2018-11-11 18:45:15.840235|-7.3179913831,-12.9280831773|-55.0,-60.0,-10.0,0.0,-57.5,-72.5,-40.0,0.0,-52.5,-60.0,-27.5,-25.0,-55.0,-60.0,-22.5,-5.0
2018-11-11 18:45:15.895577|6.44648903857,-20.2361074011|-55.0,-60.0,-10.0,0.0,-58.0,-72.0,-40.0,0.0,-52.0,-60.0,-28.0,-24.0,-55.0,-60.0,-22.0,-6.0
2018-11-11 18:45:15.950652|-6.33755796387,-8.28431811625|-55.0,-60.0,-10.0,0.0,-58.5,-71.5,-40.0,0.0,-51.5,-60.0,-28.5,-23.0,-55.0,-60.0,-21.5,-7.0
2018-11-11 18:45:16.005921|0.272081868515,-0.765250130652|-55.0,-60.0,-10.0,0.0,-59.0,-71.0,-40.0,0.0,-51.0,-60.0,-29.0,-22.0,-55.0,-60.0,-21.0,-8.0
2018-11-11 18:45:16.060980|-20.2246205524,2.01857449504|-55.0,-60.0,-10.0,0.0,-59.5,-70.5,-40.0,0.0,-50.5,-60.0,-29.5,-21.0,-55.0,-60.0,-20.5,-9.0
2018-11-11 18:45:16.116146|-12.0403706635,-5.74868134212|-55.0,-60.0,-10.0,0.0,-60.0,-70.0,-40.0,0.0,-50.0,-60.0,-30.0,-20.0,-55.0,-60.0,-20.0,-10.0
2018-11-11 18:45:16.171255|-4.68330855238,-8.88222917259|-55.0,-60.0,-10.0,0.0,-60.5,-69.5,-40.0,0.0,-49.5,-60.0,-30.5,-19.0,-55.0,-60.0,-19.5,-11.0
2018-11-11 18:45:16.226244|-7.95348050569,-13.5052370982|-55.0,-60.0,-10.0,0.0,-61.0,-69.0,-40.0,0.0,-49.0,-60.0,-31.0,-18.0,-55.0,-60.0,-19.0,-12.0
2018-11-11 18:45:16.281297|-3.09249274161,-8.61358998805|-55.0,-60.0,-10.0,0.0,-61.5,-68.5,-40.0,0.0,-48.5,-60.0,-31.5,-17.0,-55.0,-60.0,-18.5,-13.0
2018-11-11 18:45:16.336385|-10.7284010719,-12.6964917396|-55.0,-60.0,-10.0,0.0,-62.0,-68.0,-40.0,0.0,-48.0,-60.0,-32.0,-16.0,-55.0,-60.0,-18.0,-14.0
2018-11-11 18:45:16.391457|-7.20500857334,-3.68729850368|-55.0,-60.0,-10.0,0.0,-62.5,-67.5,-40.0,0.0,-47.5,-60.0,-32.5,-15.0,-55.0,-60.0,-17.5,-15.0
2018-11-11 18:45:16.446609|-9.59935109703,1.1103311844|-55.0,-60.0,-10.0,0.0,-63.0,-67.0,-40.0,0.0,-47.0,-60.0,-33.0,-14.0,-55.0,-60.0,-17.0,-16.0
2018-11-11 18:45:16.501956|-15.5895252481,-5.59486951255|-55.0,-60.0,-10.0,0.0,-63.5,-66.5,-40.0,0.0,-46.5,-60.0,-33.5,-13.0,-55.0,-60.0,-16.5,-17.0
2018-11-11 18:45:16.557209|-5.74038364492,-4.30213017616|-55.0,-60.0,-10.0,0.0,-64.0,-66.0,-40.0,0.0,-46.0,-60.0,-34.0,-12.0,-55.0,-60.0,-16.0,-18.0
2018-11-11 18:45:16.612156|-10.1638592827,-6.17892892562|-55.0,-60.0,-10.0,0.0,-64.5,-65.5,-40.0,0.0,-45.5,-60.0,-34.5,-11.0,-55.0,-60.0,-15.5,-19.0
2018-11-11 18:45:16.667237|-1.4153925947,2.12335897099|-55.0,-60.0,-10.0,0.0,-65.0,-65.0,-40.0,0.0,-45.0,-60.0,-35.0,-10.0,-55.0,-60.0,-15.0,-20.0
2018-11-11 18:45:16.722325|-11.4949180531,-2.98365161695|-55.0,-60.0,-10.0,0.0,-65.5,-64.5,-40.0,0.0,-44.5,-60.0,-35.5,-9.0,-55.0,-60.0,-14.5,-21.0
2018-11-11 18:45:16.777416|-4.79202601017,-1.49028651847|-55.0,-60.0,-10.0,0.0,-66.0,-64.0,-40.0,0.0,-44.0,-60.0,-36.0,-8.0,-55.0,-60.0,-14.0,-22.0
2018-11-11 18:45:16.832454|-6.37921276112,-8.08804817718|-55.0,-60.0,-10.0,0.0,-66.5,-63.5,-40.0,0.0,-43.5,-60.0,-36.5,-7.0,-55.0,-60.0,-13.5,-23.0
2018-11-11 18:45:16.887620|-10.1561595577,-4.26936173806|-55.0,-60.0,-10.0,0.0,-67.0,-63.0,-40.0,0.0,-43.0,-60.0,-37.0,-6.0,-55.0,-60.0,-13.0,-24.0
2018-11-11 18:45:16.942917|-10.6812183967,-10.6977428509|-55.0,-60.0,-10.0,0.0,-67.5,-62.5,-40.0,0.0,-42.5,-60.0,-37.5,-5.0,-55.0,-60.0,-12.5,-25.0
2018-11-11 18:45:16.997916|-8.07473222267,-5.9984467072|-55.0,-60.0,-10.0,0.0,-68.0,-62.0,-40.0,0.0,-42.0,-60.0,-38.0,-4.0,-55.0,-60.0,-12.0,-26.0
2018-11-11 18:45:17.052950|-18.0125868523,4.22094805025|-55.0,-60.0,-10.0,0.0,-68.5,-61.5,-40.0,0.0,-41.5,-60.0,-38.5,-3.0,-55.0,-60.0,-11.5,-27.0
2018-11-11 18:45:17.108073|-16.1661791673,-14.3494653615|-55.0,-60.0,-10.0,0.0,-69.0,-61.0,-40.0,0.0,-41.0,-60.0,-39.0,-2.0,-55.0,-60.0,-11.0,-28.0
2018-11-11 18:45:17.163108|-21.5670154436,-15.6960483734|-55.0,-60.0,-10.0,0.0,-69.5,-60.5,-40.0,0.0,-40.5,-60.0,-39.5,-1.0,-55.0,-60.0,-10.5,-29.0
2018-11-11 18:45:17.218222|-10.097599596,-6.61074016878|-55.0,-60.0,-10.0,0.0,-70.0,-60.0,-40.0,0.0,-40.0,-60.0,-40.0,0.0,-55.0,-60.0,-10.0,-30.0
2018-11-11 18:45:17.273455|-13.122331405,-9.80762669142|-55.0,-60.0,-10.5,0.0,-70.0,-60.0,-39.5,0.0,-40.0,-60.0,-39.5,1.0,-55.0,-59.5,-10.5,-29.0
2018-11-11 18:45:17.328586|-20.5910008979,-1.44555630167|-55.0,-60.0,-11.0,0.0,-70.0,-60.0,-39.0,0.0,-40.0,-60.0,-39.0,2.0,-55.0,-59.0,-11.0,-28.0
2018-11-11 18:45:17.383743|-9.34695779288,-5.85286487603|-55.0,-60.0,-11.5,0.0,-70.0,-60.0,-38.5,0.0,-40.0,-60.0,-38.5,3.0,-55.0,-58.5,-11.5,-27.0
2018-11-11 18:45:17.438813|-16.1694061538,4.27377893152|-55.0,-60.0,-12.0,0.0,-70.0,-60.0,-38.0,0.0,-40.0,-60.0,-38.0,4.0,-55.0,-58.0,-12.0,-26.0
2018-11-11 18:45:17.493904|-11.7898283792,-4.18687625968|-55.0,-60.0,-12.5,0.0,-70.0,-60.0,-37.5,0.0,-40.0,-60.0,-37.5,5.0,-55.0,-57.5,-12.5,-25.0
2018-11-11 18:45:17.548913|-11.9976526256,-3.57152452042|-55.0,-60.0,-13.0,0.0,-70.0,-60.0,-37.0,0.0,-40.0,-60.0,-37.0,6.0,-55.0,-57.0,-13.0,-24.0
2018-11-11 18:45:17.603912|-9.84963697913,-3.20458555477|-55.0,-60.0,-13.5,0.0,-70.0,-60.0,-36.5,0.0,-40.0,-60.0,-36.5,7.0,-55.0,-56.5,-13.5,-23.0
2018-11-11 18:45:17.660886|-10.0979289437,-3.53740261738|-55.0,-60.0,-14.0,0.0,-70.0,-60.0,-36.0,0.0,-40.0,-60.0,-36.0,8.0,-55.0,-56.0,-14.0,-22.0
2018-11-11 18:45:17.715996|-8.05447211723,-4.28973119636|-55.0,-60.0,-14.5,0.0,-70.0,-60.0,-35.5,0.0,-40.0,-60.0,-35.5,9.0,-55.0,-55.5,-14.5,-21.0
2018-11-11 18:45:18.024838|-12.6048759149,-3.04280873523|-55.0,-60.0,-15.0,0.0,-70.0,-60.0,-35.0,0.0,-40.0,-60.0,-35.0,10.0,-55.0,-55.0,-15.0,-20.0
2018-11-11 18:45:18.080299|-8.12562234296,-4.06687779475|-55.0,-60.0,-15.5,0.0,-70.0,-60.0,-34.5,0.0,-40.0,-60.0,-34.5,11.0,-55.0,-54.5,-15.5,-19.0
2018-11-11 18:45:18.135624|-4.88418948207,-7.23054146022|-55.0,-60.0,-16.0,0.0,-70.0,-60.0,-34.0,0.0,-40.0,-60.0,-34.0,12.0,-55.0,-54.0,-16.0,-18.0
2018-11-11 18:45:18.190985|-9.17002487827,-7.23390501405|-55.0,-60.0,-16.5,0.0,-70.0,-60.0,-33.5,0.0,-40.0,-60.0,-33.5,13.0,-55.0,-53.5,-16.5,-17.0
2018-11-11 18:45:18.246368|-12.7281908064,0.98895093981|-55.0,-60.0,-17.0,0.0,-70.0,-60.0,-33.0,0.0,-40.0,-60.0,-33.0,14.0,-55.0,-53.0,-17.0,-16.0
2018-11-11 18:45:18.301710|-8.45205430168,-12.3223332156|-55.0,-60.0,-17.5,0.0,-70.0,-60.0,-32.5,0.0,-40.0,-60.0,-32.5,15.0,-55.0,-52.5,-17.5,-15.0
2018-11-11 18:45:18.357014|-0.529690095969,-8.55864364099|-55.0,-60.0,-18.0,0.0,-70.0,-60.0,-32.0,0.0,-40.0,-60.0,-32.0,16.0,-55.0,-52.0,-18.0,-14.0
2018-11-11 18:45:18.412270|-4.85299610549,-11.4465138999|-55.0,-60.0,-18.5,0.0,-70.0,-60.0,-31.5,0.0,-40.0,-60.0,-31.5,17.0,-55.0,-51.5,-18.5,-13.0
2018-11-11 18:45:18.467538|-5.08383409234,-6.47201478342|-55.0,-60.0,-19.0,0.0,-70.0,-60.0,-31.0,0.0,-40.0,-60.0,-31.0,18.0,-55.0,-51.0,-19.0,-12.0
2018-11-11 18:45:18.522716|-4.38303224202,-2.06783928866|-55.0,-60.0,-19.5,0.0,-70.0,-60.0,-30.5,0.0,-40.0,-60.0,-30.5,19.0,-55.0,-50.5,-19.5,-11.0
2018-11-11 18:45:18.578012|-2.71949767661,-10.9535768858|-55.0,-60.0,-20.0,0.0,-70.0,-60.0,-30.0,0.0,-40.0,-60.0,-30.0,20.0,-55.0,-50.0,-20.0,-10.0
2018-11-11 18:45:18.633293|1.16961235586,-14.4279045244|-55.0,-60.0,-20.5,0.0,-70.0,-60.0,-29.5,0.0,-40.0,-60.0,-29.5,21.0,-55.0,-49.5,-20.5,-9.0
2018-11-11 18:45:18.688434|-5.58103711401,-8.96019689035|-55.0,-60.0,-21.0,0.0,-70.0,-60.0,-29.0,0.0,-40.0,-60.0,-29.0,22.0,-55.0,-49.0,-21.0,-8.0
2018-11-11 18:45:18.747458|-4.96247650809,-6.88909578383|-55.0,-60.0,-21.5,0.0,-70.0,-60.0,-28.5,0.0,-40.0,-60.0,-28.5,23.0,-55.0,-48.5,-21.5,-7.0
2018-11-11 18:45:18.802490|-8.73130600417,-2.63211763773|-55.0,-60.0,-22.0,0.0,-70.0,-60.0,-28.0,0.0,-40.0,-60.0,-28.0,24.0,-55.0,-48.0,-22.0,-6.0
2018-11-11 18:45:18.857544|-1.90949585349,-4.24021461328|-55.0,-60.0,-22.5,0.0,-70.0,-60.0,-27.5,0.0,-40.0,-60.0,-27.5,25.0,-55.0,-47.5,-22.5,-5.0
2018-11-11 18:45:18.912733|-2.20131795516,1.43676852054|-55.0,-60.0,-23.0,0.0,-70.0,-60.0,-27.0,0.0,-40.0,-60.0,-27.0,26.0,-55.0,-47.0,-23.0,-4.0
2018-11-11 18:45:18.967736|-2.15451131244,-3.17519027442|-55.0,-60.0,-23.5,0.0,-70.0,-60.0,-26.5,0.0,-40.0,-60.0,-26.5,27.0,-55.0,-46.5,-23.5,-3.0
2018-11-11 18:45:19.022747|-3.26145259997,-12.4823570666|-55.0,-60.0,-24.0,0.0,-70.0,-60.0,-26.0,0.0,-40.0,-60.0,-26.0,28.0,-55.0,-46.0,-24.0,-2.0
2018-11-11 18:45:19.077805|-4.00763983609,-8.33107397106|-55.0,-60.0,-24.5,0.0,-70.0,-60.0,-25.5,0.0,-40.0,-60.0,-25.5,29.0,-55.0,-45.5,-24.5,-1.0
2018-11-11 18:45:19.132778|-0.395328043431,-7.88391438952|-55.0,-60.0,-25.0,0.0,-70.0,-60.0,-25.0,0.0,-40.0,-60.0,-25.0,30.0,-55.0,-45.0,-25.0,0.0
2018-11-11 18:45:19.188593|0.232745638854,-3.59536001163|-55.0,-60.5,-24.5,0.0,-69.5,-60.0,-25.5,1.0,-40.5,-60.5,-25.0,29.0,-54.5,-46.0,-25.5,0.0
2018-11-11 18:45:19.243921|-2.10681833751,-8.57039082677|-55.0,-61.0,-24.0,0.0,-69.0,-60.0,-26.0,2.0,-41.0,-61.0,-25.0,28.0,-54.0,-47.0,-26.0,0.0
2018-11-11 18:45:19.299398|-0.830846157601,-9.29232286434|-55.0,-61.5,-23.5,0.0,-68.5,-60.0,-26.5,3.0,-41.5,-61.5,-25.0,27.0,-53.5,-48.0,-26.5,0.0
2018-11-11 18:45:19.354641|-0.918989265176,-4.09699443906|-55.0,-62.0,-23.0,0.0,-68.0,-60.0,-27.0,4.0,-42.0,-62.0,-25.0,26.0,-53.0,-49.0,-27.0,0.0
2018-11-11 18:45:19.409972|-3.11985169556,-6.7505877529|-55.0,-62.5,-22.5,0.0,-67.5,-60.0,-27.5,5.0,-42.5,-62.5,-25.0,25.0,-52.5,-50.0,-27.5,0.0
2018-11-11 18:45:19.465454|1.04082008213,-4.28267850943|-55.0,-63.0,-22.0,0.0,-67.0,-60.0,-28.0,6.0,-43.0,-63.0,-25.0,24.0,-52.0,-51.0,-28.0,0.0
2018-11-11 18:45:19.520594|-1.85536432288,-6.16443550365|-55.0,-63.5,-21.5,0.0,-66.5,-60.0,-28.5,7.0,-43.5,-63.5,-25.0,23.0,-51.5,-52.0,-28.5,0.0
2018-11-11 18:45:19.575793|0.178071297941,-7.15627166192|-55.0,-64.0,-21.0,0.0,-66.0,-60.0,-29.0,8.0,-44.0,-64.0,-25.0,22.0,-51.0,-53.0,-29.0,0.0
2018-11-11 18:45:19.630881|2.77327250699,-1.79810136286|-55.0,-64.5,-20.5,0.0,-65.5,-60.0,-29.5,9.0,-44.5,-64.5,-25.0,21.0,-50.5,-54.0,-29.5,0.0
2018-11-11 18:45:19.686067|-4.04689788685,-9.43625208787|-55.0,-65.0,-20.0,0.0,-65.0,-60.0,-30.0,10.0,-45.0,-65.0,-25.0,20.0,-50.0,-55.0,-30.0,0.0
2018-11-11 18:45:19.741044|-3.99741523744,-9.39098930226|-55.0,-65.5,-19.5,0.0,-64.5,-60.0,-30.5,11.0,-45.5,-65.5,-25.0,19.0,-49.5,-56.0,-30.5,0.0
2018-11-11 18:45:19.796177|3.94373663064,-6.47964222833|-55.0,-66.0,-19.0,0.0,-64.0,-60.0,-31.0,12.0,-46.0,-66.0,-25.0,18.0,-49.0,-57.0,-31.0,0.0
2018-11-11 18:45:19.851265|-0.0152132935593,-12.2796393597|-55.0,-66.5,-18.5,0.0,-63.5,-60.0,-31.5,13.0,-46.5,-66.5,-25.0,17.0,-48.5,-58.0,-31.5,0.0
2018-11-11 18:45:19.906392|5.48577165907,-4.2117471635|-55.0,-67.0,-18.0,0.0,-63.0,-60.0,-32.0,14.0,-47.0,-67.0,-25.0,16.0,-48.0,-59.0,-32.0,0.0
2018-11-11 18:45:19.961535|-1.3331230831,-7.53091474997|-55.0,-67.5,-17.5,0.0,-62.5,-60.0,-32.5,15.0,-47.5,-67.5,-25.0,15.0,-47.5,-60.0,-32.5,0.0
2018-11-11 18:45:20.016651|1.33970221519,-6.51024306093|-55.0,-68.0,-17.0,0.0,-62.0,-60.0,-33.0,16.0,-48.0,-68.0,-25.0,14.0,-47.0,-61.0,-33.0,0.0
2018-11-11 18:45:20.071736|-1.21343129999,-9.46510595618|-55.0,-68.5,-16.5,0.0,-61.5,-60.0,-33.5,17.0,-48.5,-68.5,-25.0,13.0,-46.5,-62.0,-33.5,0.0
2018-11-11 18:45:20.126764|-2.333140768,-7.00133798116|-55.0,-69.0,-16.0,0.0,-61.0,-60.0,-34.0,18.0,-49.0,-69.0,-25.0,12.0,-46.0,-63.0,-34.0,0.0
2018-11-11 18:45:20.181888|-0.47202199295,-1.60506654791|-55.0,-69.5,-15.5,0.0,-60.5,-60.0,-34.5,19.0,-49.5,-69.5,-25.0,11.0,-45.5,-64.0,-34.5,0.0
2018-11-11 18:45:20.237215|-4.825845028,-5.28358568671|-55.0,-70.0,-15.0,0.0,-60.0,-60.0,-35.0,20.0,-50.0,-70.0,-25.0,10.0,-45.0,-65.0,-35.0,0.0
2018-11-11 18:45:20.292531|1.15046419356,-2.75377155672|-55.0,-70.5,-14.5,0.0,-59.5,-60.0,-35.5,21.0,-50.5,-70.5,-25.0,9.0,-44.5,-66.0,-35.5,0.0
2018-11-11 18:45:20.347828|-4.72034780351,-3.75325969819|-55.0,-71.0,-14.0,0.0,-59.0,-60.0,-36.0,22.0,-51.0,-71.0,-25.0,8.0,-44.0,-67.0,-36.0,0.0
2018-11-11 18:45:20.403165|0.147036039024,-0.761935641251|-55.0,-71.5,-13.5,0.0,-58.5,-60.0,-36.5,23.0,-51.5,-71.5,-25.0,7.0,-43.5,-68.0,-36.5,0.0
2018-11-11 18:45:20.458320|2.87315067434,-6.86829004662|-55.0,-72.0,-13.0,0.0,-58.0,-60.0,-37.0,24.0,-52.0,-72.0,-25.0,6.0,-43.0,-69.0,-37.0,0.0
2018-11-11 18:45:20.513406|-2.92295620834,-3.10849103837|-55.0,-72.5,-12.5,0.0,-57.5,-60.0,-37.5,25.0,-52.5,-72.5,-25.0,5.0,-42.5,-70.0,-37.5,0.0
2018-11-11 18:45:20.568520|-4.80712196021,-4.7110801806|-55.0,-73.0,-12.0,0.0,-57.0,-60.0,-38.0,26.0,-53.0,-73.0,-25.0,4.0,-42.0,-71.0,-38.0,0.0
2018-11-11 18:45:20.623620|1.6070514794,-5.13893998286|-55.0,-73.5,-11.5,0.0,-56.5,-60.0,-38.5,27.0,-53.5,-73.5,-25.0,3.0,-41.5,-72.0,-38.5,0.0
2018-11-11 18:45:20.678742|0.643641775151,-4.46501129691|-55.0,-74.0,-11.0,0.0,-56.0,-60.0,-39.0,28.0,-54.0,-74.0,-25.0,2.0,-41.0,-73.0,-39.0,0.0
2018-11-11 18:45:20.733829|-4.01708664689,-2.79516473931|-55.0,-74.5,-10.5,0.0,-55.5,-60.0,-39.5,29.0,-54.5,-74.5,-25.0,1.0,-40.5,-74.0,-39.5,0.0
2018-11-11 18:45:20.788933|-4.25408038496,2.39947312308|-55.0,-75.0,-10.0,0.0,-55.0,-60.0,-40.0,30.0,-55.0,-75.0,-25.0,0.0,-40.0,-75.0,-40.0,0.0
