2018-11-11 17:39:15.512161|-0.0591763165768,-3.65661862617|-55.0,-59.5,-25.0,1.0,-55.0,-60.5,-25.0,-1.0,-55.0,-60.0,-25.0,0.0,-55.0,-59.5,-25.0,0.0
2018-11-11 17:39:15.567605|0.707476903921,-4.33732730766|-55.0,-59.0,-25.0,2.0,-55.0,-61.0,-25.0,-2.0,-55.0,-60.0,-25.0,0.0,-55.0,-59.0,-25.0,0.0
2018-11-11 17:39:15.622879|-1.11478075948,-2.45311234062|-55.0,-58.5,-25.0,3.0,-55.0,-61.5,-25.0,-3.0,-55.0,-60.0,-25.0,0.0,-55.0,-58.5,-25.0,0.0
2018-11-11 17:39:15.678265|1.92128602354,-2.45775201028|-55.0,-58.0,-25.0,4.0,-55.0,-62.0,-25.0,-4.0,-55.0,-60.0,-25.0,0.0,-55.0,-58.0,-25.0,0.0
2018-11-11 17:39:15.733501|2.53543557109,-8.5901755177|-55.0,-57.5,-25.0,5.0,-55.0,-62.5,-25.0,-5.0,-55.0,-60.0,-25.0,0.0,-55.0,-57.5,-25.0,0.0
2018-11-11 17:39:15.788730|2.85025106409,-7.30962594559|-55.0,-57.0,-25.0,6.0,-55.0,-63.0,-25.0,-6.0,-55.0,-60.0,-25.0,0.0,-55.0,-57.0,-25.0,0.0
2018-11-11 17:39:15.843778|-2.46412886097,-3.83658688777|-55.0,-56.5,-25.0,7.0,-55.0,-63.5,-25.0,-7.0,-55.0,-60.0,-25.0,0.0,-55.0,-56.5,-25.0,0.0
2018-11-11 17:39:15.898848|0.303429896267,-7.64206481092|-55.0,-56.0,-25.0,8.0,-55.0,-64.0,-25.0,-8.0,-55.0,-60.0,-25.0,0.0,-55.0,-56.0,-25.0,0.0
2018-11-11 17:39:15.953902|1.17804639935,-4.70098971453|-55.0,-55.5,-25.0,9.0,-55.0,-64.5,-25.0,-9.0,-55.0,-60.0,-25.0,0.0,-55.0,-55.5,-25.0,0.0
2018-11-11 17:39:16.008903|6.88808460072,-13.7290425429|-55.0,-55.0,-25.0,10.0,-55.0,-65.0,-25.0,-10.0,-55.0,-60.0,-25.0,0.0,-55.0,-55.0,-25.0,0.0
2018-11-11 17:39:16.063912|3.76558275277,-4.23709248728|-55.0,-54.5,-25.0,11.0,-55.0,-65.5,-25.0,-11.0,-55.0,-60.0,-25.0,0.0,-55.0,-54.5,-25.0,0.0
2018-11-11 17:39:16.119508|-4.24053333966,2.08741056555|-55.0,-54.0,-25.0,12.0,-55.0,-66.0,-25.0,-12.0,-55.0,-60.0,-25.0,0.0,-55.0,-54.0,-25.0,0.0
2018-11-11 17:39:16.174603|4.76208748959,-6.19565600717|-55.0,-53.5,-25.0,13.0,-55.0,-66.5,-25.0,-13.0,-55.0,-60.0,-25.0,0.0,-55.0,-53.5,-25.0,0.0
2018-11-11 17:39:16.229582|1.75036939296,-4.63662925257|-55.0,-53.0,-25.0,14.0,-55.0,-67.0,-25.0,-14.0,-55.0,-60.0,-25.0,0.0,-55.0,-53.0,-25.0,0.0
2018-11-11 17:39:16.284676|0.645120522052,-4.07863122543|-55.0,-52.5,-25.0,15.0,-55.0,-67.5,-25.0,-15.0,-55.0,-60.0,-25.0,0.0,-55.0,-52.5,-25.0,0.0
2018-11-11 17:39:16.339654|2.83324033215,-4.67287558237|-55.0,-52.0,-25.0,16.0,-55.0,-68.0,-25.0,-16.0,-55.0,-60.0,-25.0,0.0,-55.0,-52.0,-25.0,0.0
2018-11-11 17:39:16.394743|5.4772554242,-7.40919441833|-55.0,-51.5,-25.0,17.0,-55.0,-68.5,-25.0,-17.0,-55.0,-60.0,-25.0,0.0,-55.0,-51.5,-25.0,0.0
2018-11-11 17:39:16.449747|3.85223423801,-5.38272325097|-55.0,-51.0,-25.0,18.0,-55.0,-69.0,-25.0,-18.0,-55.0,-60.0,-25.0,0.0,-55.0,-51.0,-25.0,0.0
2018-11-11 17:39:16.505644|1.22707300892,-2.2887590679|-55.0,-50.5,-25.0,19.0,-55.0,-69.5,-25.0,-19.0,-55.0,-60.0,-25.0,0.0,-55.0,-50.5,-25.0,0.0
2018-11-11 17:39:16.560916|2.34270360071,-2.12394588735|-55.0,-50.0,-25.0,20.0,-55.0,-70.0,-25.0,-20.0,-55.0,-60.0,-25.0,0.0,-55.0,-50.0,-25.0,0.0
2018-11-11 17:39:16.616215|1.93337586371,-8.83525161321|-55.0,-49.5,-25.0,21.0,-55.0,-70.5,-25.0,-21.0,-55.0,-60.0,-25.0,0.0,-55.0,-49.5,-25.0,0.0
2018-11-11 17:39:16.671232|1.83396189814,-7.5959984609|-55.0,-49.0,-25.0,22.0,-55.0,-71.0,-25.0,-22.0,-55.0,-60.0,-25.0,0.0,-55.0,-49.0,-25.0,0.0
2018-11-11 17:39:16.726255|6.31384379996,-10.0534297548|-55.0,-48.5,-25.0,23.0,-55.0,-71.5,-25.0,-23.0,-55.0,-60.0,-25.0,0.0,-55.0,-48.5,-25.0,0.0
2018-11-11 17:39:16.781247|2.00617858682,-3.96048053568|-55.0,-48.0,-25.0,24.0,-55.0,-72.0,-25.0,-24.0,-55.0,-60.0,-25.0,0.0,-55.0,-48.0,-25.0,0.0
2018-11-11 17:39:16.836254|0.169314619065,-1.55480460121|-55.0,-47.5,-25.0,25.0,-55.0,-72.5,-25.0,-25.0,-55.0,-60.0,-25.0,0.0,-55.0,-47.5,-25.0,0.0
2018-11-11 17:39:16.891531|4.43603264152,7.77918204952|-55.0,-47.0,-25.0,26.0,-55.0,-73.0,-25.0,-26.0,-55.0,-60.0,-25.0,0.0,-55.0,-47.0,-25.0,0.0
2018-11-11 17:39:16.946447|3.33360190146,-7.79310937014|-55.0,-46.5,-25.0,27.0,-55.0,-73.5,-25.0,-27.0,-55.0,-60.0,-25.0,0.0,-55.0,-46.5,-25.0,0.0
2018-11-11 17:39:17.001429|1.02754896249,-10.1839865619|-55.0,-46.0,-25.0,28.0,-55.0,-74.0,-25.0,-28.0,-55.0,-60.0,-25.0,0.0,-55.0,-46.0,-25.0,0.0
2018-11-11 17:39:17.056876|3.91075691529,7.37096204548|-55.0,-45.5,-25.0,29.0,-55.0,-74.5,-25.0,-29.0,-55.0,-60.0,-25.0,0.0,-55.0,-45.5,-25.0,0.0
2018-11-11 17:39:17.112100|1.79809685336,0.276585953902|-55.0,-45.0,-25.0,30.0,-55.0,-75.0,-25.0,-30.0,-55.0,-60.0,-25.0,0.0,-55.0,-45.0,-25.0,0.0
2018-11-11 17:39:17.167535|4.29373072455,0.184504101518|-54.5,-46.0,-25.0,29.0,-55.0,-75.0,-24.5,-30.0,-55.5,-60.0,-25.0,0.0,-55.0,-45.5,-25.0,0.0
2018-11-11 17:39:17.222558|2.01027819727,-4.54557472428|-54.0,-47.0,-25.0,28.0,-55.0,-75.0,-24.0,-30.0,-56.0,-60.0,-25.0,0.0,-55.0,-46.0,-25.0,0.0
2018-11-11 17:39:17.277873|2.14204106534,-6.21830173348|-53.5,-48.0,-25.0,27.0,-55.0,-75.0,-23.5,-30.0,-56.5,-60.0,-25.0,0.0,-55.0,-46.5,-25.0,0.0
2018-11-11 17:39:17.332755|8.93330588227,-12.5363220311|-53.0,-49.0,-25.0,26.0,-55.0,-75.0,-23.0,-30.0,-57.0,-60.0,-25.0,0.0,-55.0,-47.0,-25.0,0.0
2018-11-11 17:39:17.387898|7.69529262757,-6.4564173805|-52.5,-50.0,-25.0,25.0,-55.0,-75.0,-22.5,-30.0,-57.5,-60.0,-25.0,0.0,-55.0,-47.5,-25.0,0.0
2018-11-11 17:39:17.442909|2.57737861916,-9.18514722106|-52.0,-51.0,-25.0,24.0,-55.0,-75.0,-22.0,-30.0,-58.0,-60.0,-25.0,0.0,-55.0,-48.0,-25.0,0.0
2018-11-11 17:39:17.498144|1.93360616701,-2.81176076715|-51.5,-52.0,-25.0,23.0,-55.0,-75.0,-21.5,-30.0,-58.5,-60.0,-25.0,0.0,-55.0,-48.5,-25.0,0.0
2018-11-11 17:39:17.553135|4.92641492442,-2.90096382886|-51.0,-53.0,-25.0,22.0,-55.0,-75.0,-21.0,-30.0,-59.0,-60.0,-25.0,0.0,-55.0,-49.0,-25.0,0.0
2018-11-11 17:39:17.608150|5.13649545001,-8.3617370345|-50.5,-54.0,-25.0,21.0,-55.0,-75.0,-20.5,-30.0,-59.5,-60.0,-25.0,0.0,-55.0,-49.5,-25.0,0.0
2018-11-11 17:39:17.663766|-0.193225659143,-5.80669377139|-50.0,-55.0,-25.0,20.0,-55.0,-75.0,-20.0,-30.0,-60.0,-60.0,-25.0,0.0,-55.0,-50.0,-25.0,0.0
2018-11-11 17:39:17.718916|4.53937948132,-4.60830553474|-49.5,-56.0,-25.0,19.0,-55.0,-75.0,-19.5,-30.0,-60.5,-60.0,-25.0,0.0,-55.0,-50.5,-25.0,0.0
2018-11-11 17:39:17.775192|13.3378851961,-1.49278500635|-49.0,-57.0,-25.0,18.0,-55.0,-75.0,-19.0,-30.0,-61.0,-60.0,-25.0,0.0,-55.0,-51.0,-25.0,0.0
2018-11-11 17:39:17.831292|0.577970036614,-12.2129250415|-48.5,-58.0,-25.0,17.0,-55.0,-75.0,-18.5,-30.0,-61.5,-60.0,-25.0,0.0,-55.0,-51.5,-25.0,0.0
2018-11-11 17:39:17.887437|-6.62397345911,-17.4013197092|-48.0,-59.0,-25.0,16.0,-55.0,-75.0,-18.0,-30.0,-62.0,-60.0,-25.0,0.0,-55.0,-52.0,-25.0,0.0
2018-11-11 17:39:17.943206|-5.45747046268,-8.87443693031|-47.5,-60.0,-25.0,15.0,-55.0,-75.0,-17.5,-30.0,-62.5,-60.0,-25.0,0.0,-55.0,-52.5,-25.0,0.0
2018-11-11 17:39:17.999035|-0.434336642276,-4.44585995411|-47.0,-61.0,-25.0,14.0,-55.0,-75.0,-17.0,-30.0,-63.0,-60.0,-25.0,0.0,-55.0,-53.0,-25.0,0.0
2018-11-11 17:39:18.056164|2.36299408543,-6.34110257139|-46.5,-62.0,-25.0,13.0,-55.0,-75.0,-16.5,-30.0,-63.5,-60.0,-25.0,0.0,-55.0,-53.5,-25.0,0.0
2018-11-11 17:39:18.112118|4.26564741977,-1.62287566581|-46.0,-63.0,-25.0,12.0,-55.0,-75.0,-16.0,-30.0,-64.0,-60.0,-25.0,0.0,-55.0,-54.0,-25.0,0.0
2018-11-11 17:39:18.168422|0.534166568863,-4.42334297056|-45.5,-64.0,-25.0,11.0,-55.0,-75.0,-15.5,-30.0,-64.5,-60.0,-25.0,0.0,-55.0,-54.5,-25.0,0.0
2018-11-11 17:39:18.224151|1.90965940951,-9.81173417479|-45.0,-65.0,-25.0,10.0,-55.0,-75.0,-15.0,-30.0,-65.0,-60.0,-25.0,0.0,-55.0,-55.0,-25.0,0.0
2018-11-11 17:39:18.279965|6.34008375753,-7.9563556004|-44.5,-66.0,-25.0,9.0,-55.0,-75.0,-14.5,-30.0,-65.5,-60.0,-25.0,0.0,-55.0,-55.5,-25.0,0.0
2018-11-11 17:39:18.335852|3.00549699237,-5.07070271453|-44.0,-67.0,-25.0,8.0,-55.0,-75.0,-14.0,-30.0,-66.0,-60.0,-25.0,0.0,-55.0,-56.0,-25.0,0.0
2018-11-11 17:39:18.391592|3.90410742675,-7.29107582321|-43.5,-68.0,-25.0,7.0,-55.0,-75.0,-13.5,-30.0,-66.5,-60.0,-25.0,0.0,-55.0,-56.5,-25.0,0.0
2018-11-11 17:39:18.447779|-3.29500478588,-10.1628653578|-43.0,-69.0,-25.0,6.0,-55.0,-75.0,-13.0,-30.0,-67.0,-60.0,-25.0,0.0,-55.0,-57.0,-25.0,0.0
2018-11-11 17:39:18.503848|3.49168883369,-3.17392117037|-42.5,-70.0,-25.0,5.0,-55.0,-75.0,-12.5,-30.0,-67.5,-60.0,-25.0,0.0,-55.0,-57.5,-25.0,0.0
2018-11-11 17:39:18.560081|-8.10158308731,-5.10800275938|-42.0,-71.0,-25.0,4.0,-55.0,-75.0,-12.0,-30.0,-68.0,-60.0,-25.0,0.0,-55.0,-58.0,-25.0,0.0
2018-11-11 17:39:18.616635|4.66331025068,-14.0396784341|-41.5,-72.0,-25.0,3.0,-55.0,-75.0,-11.5,-30.0,-68.5,-60.0,-25.0,0.0,-55.0,-58.5,-25.0,0.0
2018-11-11 17:39:18.672438|0.392381008244,-9.10500643721|-41.0,-73.0,-25.0,2.0,-55.0,-75.0,-11.0,-30.0,-69.0,-60.0,-25.0,0.0,-55.0,-59.0,-25.0,0.0
2018-11-11 17:39:18.728465|1.22765526324,-6.71883582037|-40.5,-74.0,-25.0,1.0,-55.0,-75.0,-10.5,-30.0,-69.5,-60.0,-25.0,0.0,-55.0,-59.5,-25.0,0.0
2018-11-11 17:39:18.784175|7.12527815279,-6.52445114745|-40.0,-75.0,-25.0,0.0,-55.0,-75.0,-10.0,-30.0,-70.0,-60.0,-25.0,0.0,-55.0,-60.0,-25.0,0.0
2018-11-11 17:39:18.840242|1.81105975025,-10.674257567|-40.25,-74.75,-25.0,0.0,-55.25,-75.0,-10.25,-29.0,-69.75,-60.0,-25.0,0.0,-54.75,-60.0,-25.0,0.0
2018-11-11 17:39:18.895963|2.21803008667,-6.4303120004|-40.5,-74.5,-25.0,0.0,-55.5,-75.0,-10.5,-28.0,-69.5,-60.0,-25.0,0.0,-54.5,-60.0,-25.0,0.0
2018-11-11 17:39:18.951767|-2.92854478214,-6.75673409465|-40.75,-74.25,-25.0,0.0,-55.75,-75.0,-10.75,-27.0,-69.25,-60.0,-25.0,0.0,-54.25,-60.0,-25.0,0.0
2018-11-11 17:39:19.007684|1.95465559839,-7.5746625149|-41.0,-74.0,-25.0,0.0,-56.0,-75.0,-11.0,-26.0,-69.0,-60.0,-25.0,0.0,-54.0,-60.0,-25.0,0.0
2018-11-11 17:39:19.070122|0.159968062556,-8.05397532451|-41.25,-73.75,-25.0,0.0,-56.25,-75.0,-11.25,-25.0,-68.75,-60.0,-25.0,0.0,-53.75,-60.0,-25.0,0.0
2018-11-11 17:39:19.126060|1.154296986,-8.73725837133|-41.5,-73.5,-25.0,0.0,-56.5,-75.0,-11.5,-24.0,-68.5,-60.0,-25.0,0.0,-53.5,-60.0,-25.0,0.0
2018-11-11 17:39:19.181868|-4.26528710841,-11.1527098102|-41.75,-73.25,-25.0,0.0,-56.75,-75.0,-11.75,-23.0,-68.25,-60.0,-25.0,0.0,-53.25,-60.0,-25.0,0.0
2018-11-11 17:39:19.238054|4.69882058075,-8.61530608894|-42.0,-73.0,-25.0,0.0,-57.0,-75.0,-12.0,-22.0,-68.0,-60.0,-25.0,0.0,-53.0,-60.0,-25.0,0.0
2018-11-11 17:39:19.293799|-0.283018812516,-8.41649650383|-42.25,-72.75,-25.0,0.0,-57.25,-75.0,-12.25,-21.0,-67.75,-60.0,-25.0,0.0,-52.75,-60.0,-25.0,0.0
2018-11-11 17:39:19.349639|4.99426088104,-5.25783837925|-42.5,-72.5,-25.0,0.0,-57.5,-75.0,-12.5,-20.0,-67.5,-60.0,-25.0,0.0,-52.5,-60.0,-25.0,0.0
2018-11-11 17:39:19.405668|-2.08559251053,-3.59254319495|-42.75,-72.25,-25.0,0.0,-57.75,-75.0,-12.75,-19.0,-67.25,-60.0,-25.0,0.0,-52.25,-60.0,-25.0,0.0
2018-11-11 17:39:19.461451|1.891533292,-5.9789439691|-43.0,-72.0,-25.0,0.0,-58.0,-75.0,-13.0,-18.0,-67.0,-60.0,-25.0,0.0,-52.0,-60.0,-25.0,0.0
2018-11-11 17:39:19.517212|1.7721278484,-11.1934915174|-43.25,-71.75,-25.0,0.0,-58.25,-75.0,-13.25,-17.0,-66.75,-60.0,-25.0,0.0,-51.75,-60.0,-25.0,0.0
2018-11-11 17:39:19.573256|4.1401551511,-15.0951623988|-43.5,-71.5,-25.0,0.0,-58.5,-75.0,-13.5,-16.0,-66.5,-60.0,-25.0,0.0,-51.5,-60.0,-25.0,0.0
2018-11-11 17:39:19.628955|1.42013132522,-5.66261577529|-43.75,-71.25,-25.0,0.0,-58.75,-75.0,-13.75,-15.0,-66.25,-60.0,-25.0,0.0,-51.25,-60.0,-25.0,0.0
2018-11-11 17:39:19.684830|1.97616535409,-6.89719063027|-44.0,-71.0,-25.0,0.0,-59.0,-75.0,-14.0,-14.0,-66.0,-60.0,-25.0,0.0,-51.0,-60.0,-25.0,0.0
2018-11-11 17:39:19.740584|4.22232858504,-5.56221130391|-44.25,-70.75,-25.0,0.0,-59.25,-75.0,-14.25,-13.0,-65.75,-60.0,-25.0,0.0,-50.75,-60.0,-25.0,0.0
2018-11-11 17:39:19.796470|0.273998270683,-2.93914802377|-44.5,-70.5,-25.0,0.0,-59.5,-75.0,-14.5,-12.0,-65.5,-60.0,-25.0,0.0,-50.5,-60.0,-25.0,0.0
2018-11-11 17:39:19.852238|0.671800423177,-5.74779964524|-44.75,-70.25,-25.0,0.0,-59.75,-75.0,-14.75,-11.0,-65.25,-60.0,-25.0,0.0,-50.25,-60.0,-25.0,0.0
2018-11-11 17:39:19.908060|-2.25340958173,-4.98770715414|-45.0,-70.0,-25.0,0.0,-60.0,-75.0,-15.0,-10.0,-65.0,-60.0,-25.0,0.0,-50.0,-60.0,-25.0,0.0
2018-11-11 17:39:19.964058|1.34166248017,-6.0481555594|-45.25,-69.75,-25.0,0.0,-60.25,-75.0,-15.25,-9.0,-64.75,-60.0,-25.0,0.0,-49.75,-60.0,-25.0,0.0
2018-11-11 17:39:20.019939|-0.421615992718,-3.54380144102|-45.5,-69.5,-25.0,0.0,-60.5,-75.0,-15.5,-8.0,-64.5,-60.0,-25.0,0.0,-49.5,-60.0,-25.0,0.0
2018-11-11 17:39:20.075965|-0.35629338018,-4.26323073859|-45.75,-69.25,-25.0,0.0,-60.75,-75.0,-15.75,-7.0,-64.25,-60.0,-25.0,0.0,-49.25,-60.0,-25.0,0.0
2018-11-11 17:39:20.131713|-1.6525393498,1.14060806934|-46.0,-69.0,-25.0,0.0,-61.0,-75.0,-16.0,-6.0,-64.0,-60.0,-25.0,0.0,-49.0,-60.0,-25.0,0.0
2018-11-11 17:39:20.187534|6.46126305493,-7.77559129098|-46.25,-68.75,-25.0,0.0,-61.25,-75.0,-16.25,-5.0,-63.75,-60.0,-25.0,0.0,-48.75,-60.0,-25.0,0.0
2018-11-11 17:39:20.243284|4.68900922917,-10.9745838132|-46.5,-68.5,-25.0,0.0,-61.5,-75.0,-16.5,-4.0,-63.5,-60.0,-25.0,0.0,-48.5,-60.0,-25.0,0.0
2018-11-11 17:39:20.299243|0.951947390615,-8.54437236483|-46.75,-68.25,-25.0,0.0,-61.75,-75.0,-16.75,-3.0,-63.25,-60.0,-25.0,0.0,-48.25,-60.0,-25.0,0.0
2018-11-11 17:39:20.355134|-2.79992063409,-6.4665231061|-47.0,-68.0,-25.0,0.0,-62.0,-75.0,-17.0,-2.0,-63.0,-60.0,-25.0,0.0,-48.0,-60.0,-25.0,0.0
2018-11-11 17:39:20.410867|0.235777655873,0.412613299669|-47.25,-67.75,-25.0,0.0,-62.25,-75.0,-17.25,-1.0,-62.75,-60.0,-25.0,0.0,-47.75,-60.0,-25.0,0.0
2018-11-11 17:39:20.466864|-2.06862834199,-5.52928191797|-47.5,-67.5,-25.0,0.0,-62.5,-75.0,-17.5,0.0,-62.5,-60.0,-25.0,0.0,-47.5,-60.0,-25.0,0.0
2018-11-11 17:39:20.875004|1.21916964613,-6.40606270062|-47.75,-67.25,-25.0,0.0,-62.75,-75.0,-17.75,1.0,-62.25,-60.0,-25.0,0.0,-47.25,-60.0,-25.0,0.0
2018-11-11 17:39:20.930203|-0.243001685772,-6.66718738235|-48.0,-67.0,-25.0,0.0,-63.0,-75.0,-18.0,2.0,-62.0,-60.0,-25.0,0.0,-47.0,-60.0,-25.0,0.0
2018-11-11 17:39:20.985303|-1.19993905364,-10.9330629184|-48.25,-66.75,-25.0,0.0,-63.25,-75.0,-18.25,3.0,-61.75,-60.0,-25.0,0.0,-46.75,-60.0,-25.0,0.0
2018-11-11 17:39:21.040412|6.79625799199,-4.91429133721|-48.5,-66.5,-25.0,0.0,-63.5,-75.0,-18.5,4.0,-61.5,-60.0,-25.0,0.0,-46.5,-60.0,-25.0,0.0
2018-11-11 17:39:21.095640|-1.26114302357,-4.50390742895|-48.75,-66.25,-25.0,0.0,-63.75,-75.0,-18.75,5.0,-61.25,-60.0,-25.0,0.0,-46.25,-60.0,-25.0,0.0
2018-11-11 17:39:21.150760|2.14702661266,-7.55022172599|-49.0,-66.0,-25.0,0.0,-64.0,-75.0,-19.0,6.0,-61.0,-60.0,-25.0,0.0,-46.0,-60.0,-25.0,0.0
2018-11-11 17:39:21.205917|-0.714288261364,-3.1692469722|-49.25,-65.75,-25.0,0.0,-64.25,-75.0,-19.25,7.0,-60.75,-60.0,-25.0,0.0,-45.75,-60.0,-25.0,0.0
2018-11-11 17:39:21.261030|-1.25132432994,-3.64237971038|-49.5,-65.5,-25.0,0.0,-64.5,-75.0,-19.5,8.0,-60.5,-60.0,-25.0,0.0,-45.5,-60.0,-25.0,0.0
2018-11-11 17:39:21.316714|0.139056634644,-1.91933862417|-49.75,-65.25,-25.0,0.0,-64.75,-75.0,-19.75,9.0,-60.25,-60.0,-25.0,0.0,-45.25,-60.0,-25.0,0.0
2018-11-11 17:39:21.372182|-0.457067212093,-10.2425343326|-50.0,-65.0,-25.0,0.0,-65.0,-75.0,-20.0,10.0,-60.0,-60.0,-25.0,0.0,-45.0,-60.0,-25.0,0.0
2018-11-11 17:39:21.427630|-2.74007820852,-4.59465534382|-50.25,-64.75,-25.0,0.0,-65.25,-75.0,-20.25,11.0,-59.75,-60.0,-25.0,0.0,-44.75,-60.0,-25.0,0.0
2018-11-11 17:39:21.482963|0.839115666638,-3.98554059565|-50.5,-64.5,-25.0,0.0,-65.5,-75.0,-20.5,12.0,-59.5,-60.0,-25.0,0.0,-44.5,-60.0,-25.0,0.0
2018-11-11 17:39:21.538310|1.49121314236,-5.65053070016|-50.75,-64.25,-25.0,0.0,-65.75,-75.0,-20.75,13.0,-59.25,-60.0,-25.0,0.0,-44.25,-60.0,-25.0,0.0
2018-11-11 17:39:21.593577|0.567731007784,-5.43612572528|-51.0,-64.0,-25.0,0.0,-66.0,-75.0,-21.0,14.0,-59.0,-60.0,-25.0,0.0,-44.0,-60.0,-25.0,0.0
2018-11-11 17:39:21.648679|1.62382562611,-7.15603631194|-51.25,-63.75,-25.0,0.0,-66.25,-75.0,-21.25,15.0,-58.75,-60.0,-25.0,0.0,-43.75,-60.0,-25.0,0.0
2018-11-11 17:39:21.703965|0.180184591481,-6.40166326492|-51.5,-63.5,-25.0,0.0,-66.5,-75.0,-21.5,16.0,-58.5,-60.0,-25.0,0.0,-43.5,-60.0,-25.0,0.0
2018-11-11 17:39:21.759069|-0.945584793187,-4.79898114211|-51.75,-63.25,-25.0,0.0,-66.75,-75.0,-21.75,17.0,-58.25,-60.0,-25.0,0.0,-43.25,-60.0,-25.0,0.0
2018-11-11 17:39:21.814184|-5.38596749566,-7.98594064527|-52.0,-63.0,-25.0,0.0,-67.0,-75.0,-22.0,18.0,-58.0,-60.0,-25.0,0.0,-43.0,-60.0,-25.0,0.0
2018-11-11 17:39:21.869332|1.18152991554,-1.35034920728|-52.25,-62.75,-25.0,0.0,-67.25,-75.0,-22.25,19.0,-57.75,-60.0,-25.0,0.0,-42.75,-60.0,-25.0,0.0
2018-11-11 17:39:21.924549|-1.09175549142,-4.11123979459|-52.5,-62.5,-25.0,0.0,-67.5,-75.0,-22.5,20.0,-57.5,-60.0,-25.0,0.0,-42.5,-60.0,-25.0,0.0
2018-11-11 17:39:21.979727|-0.07842631002,-2.25926244625|-52.75,-62.25,-25.0,0.0,-67.75,-75.0,-22.75,21.0,-57.25,-60.0,-25.0,0.0,-42.25,-60.0,-25.0,0.0
2018-11-11 17:39:22.035039|1.10515049164,-7.00592123239|-53.0,-62.0,-25.0,0.0,-68.0,-75.0,-23.0,22.0,-57.0,-60.0,-25.0,0.0,-42.0,-60.0,-25.0,0.0
2018-11-11 17:39:22.090163|-0.535292782665,-10.2245963452|-53.25,-61.75,-25.0,0.0,-68.25,-75.0,-23.25,23.0,-56.75,-60.0,-25.0,0.0,-41.75,-60.0,-25.0,0.0
2018-11-11 17:39:22.145362|1.46194143743,-5.06436037623|-53.5,-61.5,-25.0,0.0,-68.5,-75.0,-23.5,24.0,-56.5,-60.0,-25.0,0.0,-41.5,-60.0,-25.0,0.0
2018-11-11 17:39:22.200459|-2.90791005023,-5.8960291415|-53.75,-61.25,-25.0,0.0,-68.75,-75.0,-23.75,25.0,-56.25,-60.0,-25.0,0.0,-41.25,-60.0,-25.0,0.0
2018-11-11 17:39:22.255664|0.209408345264,-5.06459847841|-54.0,-61.0,-25.0,0.0,-69.0,-75.0,-24.0,26.0,-56.0,-60.0,-25.0,0.0,-41.0,-60.0,-25.0,0.0
2018-11-11 17:39:22.310757|-3.31205275133,20.3277399962|-54.25,-60.75,-25.0,0.0,-69.25,-75.0,-24.25,27.0,-55.75,-60.0,-25.0,0.0,-40.75,-60.0,-25.0,0.0
2018-11-11 17:39:22.365950|0.650123530825,7.22772211695|-54.5,-60.5,-25.0,0.0,-69.5,-75.0,-24.5,28.0,-55.5,-60.0,-25.0,0.0,-40.5,-60.0,-25.0,0.0
2018-11-11 17:39:22.421075|4.7642238439,-1.87118118252|-54.75,-60.25,-25.0,0.0,-69.75,-75.0,-24.75,29.0,-55.25,-60.0,-25.0,0.0,-40.25,-60.0,-25.0,0.0
2018-11-11 17:39:22.476418|0.715218251616,-6.46572858941|-55.0,-60.0,-25.0,0.0,-70.0,-75.0,-25.0,30.0,-55.0,-60.0,-25.0,0.0,-40.0,-60.0,-25.0,0.0
2018-11-11 17:39:22.532554|2.56509098183,-2.88790545249|-55.0,-60.0,-25.0,1.0,-69.5,-74.5,-25.5,29.0,-55.0,-60.0,-25.0,0.0,-40.5,-60.5,-25.0,0.0
2018-11-11 17:39:22.587738|1.08371852433,-4.88234911246|-55.0,-60.0,-25.0,2.0,-69.0,-74.0,-26.0,28.0,-55.0,-60.0,-25.0,0.0,-41.0,-61.0,-25.0,0.0
2018-11-11 17:39:22.642845|-5.18270601183,-3.62245405638|-55.0,-60.0,-25.0,3.0,-68.5,-73.5,-26.5,27.0,-55.0,-60.0,-25.0,0.0,-41.5,-61.5,-25.0,0.0
2018-11-11 17:39:22.698016|-0.80389573596,-2.84686879361|-55.0,-60.0,-25.0,4.0,-68.0,-73.0,-27.0,26.0,-55.0,-60.0,-25.0,0.0,-42.0,-62.0,-25.0,0.0
2018-11-11 17:39:22.753907|6.86773980653,-6.2715363682|-55.0,-60.0,-25.0,5.0,-67.5,-72.5,-27.5,25.0,-55.0,-60.0,-25.0,0.0,-42.5,-62.5,-25.0,0.0
2018-11-11 17:39:22.810017|-0.494488715707,-1.83468437051|-55.0,-60.0,-25.0,6.0,-67.0,-72.0,-28.0,24.0,-55.0,-60.0,-25.0,0.0,-43.0,-63.0,-25.0,0.0
2018-11-11 17:39:22.865955|-1.23902707232,-0.0874539518711|-55.0,-60.0,-25.0,7.0,-66.5,-71.5,-28.5,23.0,-55.0,-60.0,-25.0,0.0,-43.5,-63.5,-25.0,0.0
2018-11-11 17:39:22.921779|-1.29328276635,-4.82069127794|-55.0,-60.0,-25.0,8.0,-66.0,-71.0,-29.0,22.0,-55.0,-60.0,-25.0,0.0,-44.0,-64.0,-25.0,0.0
2018-11-11 17:39:22.977799|3.4869370542,-5.05146047861|-55.0,-60.0,-25.0,9.0,-65.5,-70.5,-29.5,21.0,-55.0,-60.0,-25.0,0.0,-44.5,-64.5,-25.0,0.0
2018-11-11 17:39:23.033567|5.53935756927,-11.3018207667|-55.0,-60.0,-25.0,10.0,-65.0,-70.0,-30.0,20.0,-55.0,-60.0,-25.0,0.0,-45.0,-65.0,-25.0,0.0
2018-11-11 17:39:23.089313|1.99594222566,-3.49054294908|-55.0,-60.0,-25.0,11.0,-64.5,-69.5,-30.5,19.0,-55.0,-60.0,-25.0,0.0,-45.5,-65.5,-25.0,0.0
2018-11-11 17:39:23.145256|1.43925619065,-9.32411782047|-55.0,-60.0,-25.0,12.0,-64.0,-69.0,-31.0,18.0,-55.0,-60.0,-25.0,0.0,-46.0,-66.0,-25.0,0.0
2018-11-11 17:39:23.201273|-0.462556308453,2.19392443501|-55.0,-60.0,-25.0,13.0,-63.5,-68.5,-31.5,17.0,-55.0,-60.0,-25.0,0.0,-46.5,-66.5,-25.0,0.0
2018-11-11 17:39:23.257490|-1.49975451452,0.899786938605|-55.0,-60.0,-25.0,14.0,-63.0,-68.0,-32.0,16.0,-55.0,-60.0,-25.0,0.0,-47.0,-67.0,-25.0,0.0
2018-11-11 17:39:23.313121|-3.43892371185,1.52958407621|-55.0,-60.0,-25.0,15.0,-62.5,-67.5,-32.5,15.0,-55.0,-60.0,-25.0,0.0,-47.5,-67.5,-25.0,0.0
2018-11-11 17:39:23.369160|-4.47034389855,-0.774536722924|-55.0,-60.0,-25.0,16.0,-62.0,-67.0,-33.0,14.0,-55.0,-60.0,-25.0,0.0,-48.0,-68.0,-25.0,0.0
2018-11-11 17:39:23.425198|1.20291103261,-5.2972293861|-55.0,-60.0,-25.0,17.0,-61.5,-66.5,-33.5,13.0,-55.0,-60.0,-25.0,0.0,-48.5,-68.5,-25.0,0.0
2018-11-11 17:39:23.481074|0.355939400043,-6.80847858245|-55.0,-60.0,-25.0,18.0,-61.0,-66.0,-34.0,12.0,-55.0,-60.0,-25.0,0.0,-49.0,-69.0,-25.0,0.0
2018-11-11 17:39:23.536851|-0.102209219227,-0.131411898808|-55.0,-60.0,-25.0,19.0,-60.5,-65.5,-34.5,11.0,-55.0,-60.0,-25.0,0.0,-49.5,-69.5,-25.0,0.0
2018-11-11 17:39:23.592612|1.15960837176,-0.0966274797705|-55.0,-60.0,-25.0,20.0,-60.0,-65.0,-35.0,10.0,-55.0,-60.0,-25.0,0.0,-50.0,-70.0,-25.0,0.0
2018-11-11 17:39:23.649203|-8.5394514544,-2.21933437789|-55.0,-60.0,-25.0,21.0,-59.5,-64.5,-35.5,9.0,-55.0,-60.0,-25.0,0.0,-50.5,-70.5,-25.0,0.0
2018-11-11 17:39:23.705068|0.865556024615,-2.10920536897|-55.0,-60.0,-25.0,22.0,-59.0,-64.0,-36.0,8.0,-55.0,-60.0,-25.0,0.0,-51.0,-71.0,-25.0,0.0
2018-11-11 17:39:23.760815|-4.82811656908,-5.79404658844|-55.0,-60.0,-25.0,23.0,-58.5,-63.5,-36.5,7.0,-55.0,-60.0,-25.0,0.0,-51.5,-71.5,-25.0,0.0
2018-11-11 17:39:23.816673|-2.41334445179,-6.97124126894|-55.0,-60.0,-25.0,24.0,-58.0,-63.0,-37.0,6.0,-55.0,-60.0,-25.0,0.0,-52.0,-72.0,-25.0,0.0
2018-11-11 17:39:23.872429|-6.16721331868,1.19192321509|-55.0,-60.0,-25.0,25.0,-57.5,-62.5,-37.5,5.0,-55.0,-60.0,-25.0,0.0,-52.5,-72.5,-25.0,0.0
2018-11-11 17:39:23.928193|-0.166645055307,-0.0454485921355|-55.0,-60.0,-25.0,26.0,-57.0,-62.0,-38.0,4.0,-55.0,-60.0,-25.0,0.0,-53.0,-73.0,-25.0,0.0
2018-11-11 17:39:23.984254|0.762258197719,-0.350630616068|-55.0,-60.0,-25.0,27.0,-56.5,-61.5,-38.5,3.0,-55.0,-60.0,-25.0,0.0,-53.5,-73.5,-25.0,0.0
2018-11-11 17:39:24.040208|-4.41543084369,-5.72757751029|-55.0,-60.0,-25.0,28.0,-56.0,-61.0,-39.0,2.0,-55.0,-60.0,-25.0,0.0,-54.0,-74.0,-25.0,0.0
2018-11-11 17:39:24.101624|2.74537999325,-6.52324721692|-55.0,-60.0,-25.0,29.0,-55.5,-60.5,-39.5,1.0,-55.0,-60.0,-25.0,0.0,-54.5,-74.5,-25.0,0.0
2018-11-11 17:39:24.157445|-4.73304059255,-7.91843895003|-55.0,-60.0,-25.0,30.0,-55.0,-60.0,-40.0,0.0,-55.0,-60.0,-25.0,0.0,-55.0,-75.0,-25.0,0.0
2018-11-11 17:39:24.213757|-1.9717846251,7.43995884007|-55.5,-60.5,-25.5,30.0,-55.0,-60.5,-39.5,1.0,-55.0,-60.0,-25.0,0.0,-55.5,-74.0,-25.0,0.0
2018-11-11 17:39:24.269545|-1.58825418586,-6.25510028849|-56.0,-61.0,-26.0,30.0,-55.0,-61.0,-39.0,2.0,-55.0,-60.0,-25.0,0.0,-56.0,-73.0,-25.0,0.0
2018-11-11 17:39:24.325441|-2.05043119436,-5.06323825696|-56.5,-61.5,-26.5,30.0,-55.0,-61.5,-38.5,3.0,-55.0,-60.0,-25.0,0.0,-56.5,-72.0,-25.0,0.0
2018-11-11 17:39:24.381209|-1.7124610475,-2.96531063229|-57.0,-62.0,-27.0,30.0,-55.0,-62.0,-38.0,4.0,-55.0,-60.0,-25.0,0.0,-57.0,-71.0,-25.0,0.0
2018-11-11 17:39:24.437423|-4.34235934172,-1.95768484487|-57.5,-62.5,-27.5,30.0,-55.0,-62.5,-37.5,5.0,-55.0,-60.0,-25.0,0.0,-57.5,-70.0,-25.0,0.0
2018-11-11 17:39:24.493258|-7.02041520017,-3.5925530483|-58.0,-63.0,-28.0,30.0,-55.0,-63.0,-37.0,6.0,-55.0,-60.0,-25.0,0.0,-58.0,-69.0,-25.0,0.0
2018-11-11 17:39:24.549146|3.06017045714,-3.6759789797|-58.5,-63.5,-28.5,30.0,-55.0,-63.5,-36.5,7.0,-55.0,-60.0,-25.0,0.0,-58.5,-68.0,-25.0,0.0
2018-11-11 17:39:24.605101|-3.47272597466,3.86792371989|-59.0,-64.0,-29.0,30.0,-55.0,-64.0,-36.0,8.0,-55.0,-60.0,-25.0,0.0,-59.0,-67.0,-25.0,0.0
2018-11-11 17:39:24.660969|-5.94536066008,-6.04454070189|-59.5,-64.5,-29.5,30.0,-55.0,-64.5,-35.5,9.0,-55.0,-60.0,-25.0,0.0,-59.5,-66.0,-25.0,0.0
2018-11-11 17:39:24.716818|-2.40339577251,-6.17344014838|-60.0,-65.0,-30.0,30.0,-55.0,-65.0,-35.0,10.0,-55.0,-60.0,-25.0,0.0,-60.0,-65.0,-25.0,0.0
2018-11-11 17:39:24.772669|0.382272435287,-2.64624631949|-60.5,-65.5,-30.5,30.0,-55.0,-65.5,-34.5,11.0,-55.0,-60.0,-25.0,0.0,-60.5,-64.0,-25.0,0.0
2018-11-11 17:39:24.828605|0.429254452581,1.83804367877|-61.0,-66.0,-31.0,30.0,-55.0,-66.0,-34.0,12.0,-55.0,-60.0,-25.0,0.0,-61.0,-63.0,-25.0,0.0
2018-11-11 17:39:24.884526|-4.96655098076,-5.97452723014|-61.5,-66.5,-31.5,30.0,-55.0,-66.5,-33.5,13.0,-55.0,-60.0,-25.0,0.0,-61.5,-62.0,-25.0,0.0
2018-11-11 17:39:24.940372|-6.3223694485,0.298270830975|-62.0,-67.0,-32.0,30.0,-55.0,-67.0,-33.0,14.0,-55.0,-60.0,-25.0,0.0,-62.0,-61.0,-25.0,0.0
2018-11-11 17:39:24.996379|0.9916299269,2.80827447784|-62.5,-67.5,-32.5,30.0,-55.0,-67.5,-32.5,15.0,-55.0,-60.0,-25.0,0.0,-62.5,-60.0,-25.0,0.0
2018-11-11 17:39:25.052315|-1.04921059456,0.532654050106|-63.0,-68.0,-33.0,30.0,-55.0,-68.0,-32.0,16.0,-55.0,-60.0,-25.0,0.0,-63.0,-59.0,-25.0,0.0
2018-11-11 17:39:25.108343|-3.36511678712,-5.79109215573|-63.5,-68.5,-33.5,30.0,-55.0,-68.5,-31.5,17.0,-55.0,-60.0,-25.0,0.0,-63.5,-58.0,-25.0,0.0
2018-11-11 17:39:25.164528|2.0022222478,-3.37274526469|-64.0,-69.0,-34.0,30.0,-55.0,-69.0,-31.0,18.0,-55.0,-60.0,-25.0,0.0,-64.0,-57.0,-25.0,0.0
2018-11-11 17:39:25.220315|-0.921924902147,-13.9091797349|-64.5,-69.5,-34.5,30.0,-55.0,-69.5,-30.5,19.0,-55.0,-60.0,-25.0,0.0,-64.5,-56.0,-25.0,0.0
2018-11-11 17:39:25.276388|-4.96479989792,-7.90678001814|-65.0,-70.0,-35.0,30.0,-55.0,-70.0,-30.0,20.0,-55.0,-60.0,-25.0,0.0,-65.0,-55.0,-25.0,0.0
2018-11-11 17:39:25.332292|-2.53516542138,-14.7343115697|-65.5,-70.5,-35.5,30.0,-55.0,-70.5,-29.5,21.0,-55.0,-60.0,-25.0,0.0,-65.5,-54.0,-25.0,0.0
2018-11-11 17:39:25.388731|2.7276982511,-5.70113633847|-66.0,-71.0,-36.0,30.0,-55.0,-71.0,-29.0,22.0,-55.0,-60.0,-25.0,0.0,-66.0,-53.0,-25.0,0.0
2018-11-11 17:39:25.445257|1.09171492507,2.08743753462|-66.5,-71.5,-36.5,30.0,-55.0,-71.5,-28.5,23.0,-55.0,-60.0,-25.0,0.0,-66.5,-52.0,-25.0,0.0
2018-11-11 17:39:25.501565|-4.20419675049,3.32184729266|-67.0,-72.0,-37.0,30.0,-55.0,-72.0,-28.0,24.0,-55.0,-60.0,-25.0,0.0,-67.0,-51.0,-25.0,0.0
2018-11-11 17:39:25.558426|0.0975757207413,-5.48889219381|-67.5,-72.5,-37.5,30.0,-55.0,-72.5,-27.5,25.0,-55.0,-60.0,-25.0,0.0,-67.5,-50.0,-25.0,0.0
2018-11-11 17:39:25.614826|-4.21268285418,-8.97621287772|-68.0,-73.0,-38.0,30.0,-55.0,-73.0,-27.0,26.0,-55.0,-60.0,-25.0,0.0,-68.0,-49.0,-25.0,0.0
2018-11-11 17:39:25.671131|11.2637697191,-7.8056127908|-68.5,-73.5,-38.5,30.0,-55.0,-73.5,-26.5,27.0,-55.0,-60.0,-25.0,0.0,-68.5,-48.0,-25.0,0.0
2018-11-11 17:39:25.727426|3.895410864,-3.45217954967|-69.0,-74.0,-39.0,30.0,-55.0,-74.0,-26.0,28.0,-55.0,-60.0,-25.0,0.0,-69.0,-47.0,-25.0,0.0
2018-11-11 17:39:25.783583|1.80214074974,6.08488748785|-69.5,-74.5,-39.5,30.0,-55.0,-74.5,-25.5,29.0,-55.0,-60.0,-25.0,0.0,-69.5,-46.0,-25.0,0.0
2018-11-11 17:39:25.839797|1.59733773287,-0.283603827954|-70.0,-75.0,-40.0,30.0,-55.0,-75.0,-25.0,30.0,-55.0,-60.0,-25.0,0.0,-70.0,-45.0,-25.0,0.0
2018-11-11 17:39:25.896429|1.01230626433,-5.55118404298|-69.75,-74.5,-39.75,29.0,-55.0,-74.75,-25.0,29.5,-55.0,-60.25,-25.0,0.0,-70.0,-45.5,-25.0,-0.5
2018-11-11 17:39:25.952530|5.5968714278,1.91428016197|-69.5,-74.0,-39.5,28.0,-55.0,-74.5,-25.0,29.0,-55.0,-60.5,-25.0,0.0,-70.0,-46.0,-25.0,-1.0
2018-11-11 17:39:26.008330|4.61268509494,-0.840181268554|-69.25,-73.5,-39.25,27.0,-55.0,-74.25,-25.0,28.5,-55.0,-60.75,-25.0,0.0,-70.0,-46.5,-25.0,-1.5
2018-11-11 17:39:26.064179|2.41054808731,-5.53617419014|-69.0,-73.0,-39.0,26.0,-55.0,-74.0,-25.0,28.0,-55.0,-61.0,-25.0,0.0,-70.0,-47.0,-25.0,-2.0
2018-11-11 17:39:26.120098|3.07870453509,-5.16974658619|-68.75,-72.5,-38.75,25.0,-55.0,-73.75,-25.0,27.5,-55.0,-61.25,-25.0,0.0,-70.0,-47.5,-25.0,-2.5
2018-11-11 17:39:26.176105|1.93058391312,-0.109516016596|-68.5,-72.0,-38.5,24.0,-55.0,-73.5,-25.0,27.0,-55.0,-61.5,-25.0,0.0,-70.0,-48.0,-25.0,-3.0
2018-11-11 17:39:26.231947|3.28014655216,-0.473001875568|-68.25,-71.5,-38.25,23.0,-55.0,-73.25,-25.0,26.5,-55.0,-61.75,-25.0,0.0,-70.0,-48.5,-25.0,-3.5
2018-11-11 17:39:26.287808|6.31074182658,-6.46953685549|-68.0,-71.0,-38.0,22.0,-55.0,-73.0,-25.0,26.0,-55.0,-62.0,-25.0,0.0,-70.0,-49.0,-25.0,-4.0
2018-11-11 17:39:26.343673|2.16083988156,-2.57268307501|-67.75,-70.5,-37.75,21.0,-55.0,-72.75,-25.0,25.5,-55.0,-62.25,-25.0,0.0,-70.0,-49.5,-25.0,-4.5
2018-11-11 17:39:26.399503|7.26009208475,-5.47974648744|-67.5,-70.0,-37.5,20.0,-55.0,-72.5,-25.0,25.0,-55.0,-62.5,-25.0,0.0,-70.0,-50.0,-25.0,-5.0
2018-11-11 17:39:26.455486|4.79854369627,-11.1042833248|-67.25,-69.5,-37.25,19.0,-55.0,-72.25,-25.0,24.5,-55.0,-62.75,-25.0,0.0,-70.0,-50.5,-25.0,-5.5
2018-11-11 17:39:26.511295|2.61816502679,-6.80589843152|-67.0,-69.0,-37.0,18.0,-55.0,-72.0,-25.0,24.0,-55.0,-63.0,-25.0,0.0,-70.0,-51.0,-25.0,-6.0
2018-11-11 17:39:26.567203|-0.551581760375,-1.10321464829|-66.75,-68.5,-36.75,17.0,-55.0,-71.75,-25.0,23.5,-55.0,-63.25,-25.0,0.0,-70.0,-51.5,-25.0,-6.5
2018-11-11 17:39:26.623016|1.7847507911,-1.20498209097|-66.5,-68.0,-36.5,16.0,-55.0,-71.5,-25.0,23.0,-55.0,-63.5,-25.0,0.0,-70.0,-52.0,-25.0,-7.0
2018-11-11 17:39:26.678865|5.60659902239,-8.13795214614|-66.25,-67.5,-36.25,15.0,-55.0,-71.25,-25.0,22.5,-55.0,-63.75,-25.0,0.0,-70.0,-52.5,-25.0,-7.5
2018-11-11 17:39:26.734884|4.05888328274,-0.41524144363|-66.0,-67.0,-36.0,14.0,-55.0,-71.0,-25.0,22.0,-55.0,-64.0,-25.0,0.0,-70.0,-53.0,-25.0,-8.0
2018-11-11 17:39:26.790744|3.61221183485,12.1781599216|-65.75,-66.5,-35.75,13.0,-55.0,-70.75,-25.0,21.5,-55.0,-64.25,-25.0,0.0,-70.0,-53.5,-25.0,-8.5
2018-11-11 17:39:26.846680|-3.77192409984,2.85151741978|-65.5,-66.0,-35.5,12.0,-55.0,-70.5,-25.0,21.0,-55.0,-64.5,-25.0,0.0,-70.0,-54.0,-25.0,-9.0
2018-11-11 17:39:26.902535|1.70210172033,-10.8652142506|-65.25,-65.5,-35.25,11.0,-55.0,-70.25,-25.0,20.5,-55.0,-64.75,-25.0,0.0,-70.0,-54.5,-25.0,-9.5
2018-11-11 17:39:26.958408|0.77542474117,-3.1470771023|-65.0,-65.0,-35.0,10.0,-55.0,-70.0,-25.0,20.0,-55.0,-65.0,-25.0,0.0,-70.0,-55.0,-25.0,-10.0
2018-11-11 17:39:27.014239|6.06172654228,-3.94841350691|-64.75,-64.5,-34.75,9.0,-55.0,-69.75,-25.0,19.5,-55.0,-65.25,-25.0,0.0,-70.0,-55.5,-25.0,-10.5
2018-11-11 17:39:27.070211|1.13369281892,5.70947157477|-64.5,-64.0,-34.5,8.0,-55.0,-69.5,-25.0,19.0,-55.0,-65.5,-25.0,0.0,-70.0,-56.0,-25.0,-11.0
2018-11-11 17:39:27.126154|-1.36793335231,-1.2195794606|-64.25,-63.5,-34.25,7.0,-55.0,-69.25,-25.0,18.5,-55.0,-65.75,-25.0,0.0,-70.0,-56.5,-25.0,-11.5
2018-11-11 17:39:27.181983|-1.55572450309,-7.61104086113|-64.0,-63.0,-34.0,6.0,-55.0,-69.0,-25.0,18.0,-55.0,-66.0,-25.0,0.0,-70.0,-57.0,-25.0,-12.0
2018-11-11 17:39:27.237853|0.56963042842,-4.94844987035|-63.75,-62.5,-33.75,5.0,-55.0,-68.75,-25.0,17.5,-55.0,-66.25,-25.0,0.0,-70.0,-57.5,-25.0,-12.5
2018-11-11 17:39:27.293666|4.1253126399,-2.3862227262|-63.5,-62.0,-33.5,4.0,-55.0,-68.5,-25.0,17.0,-55.0,-66.5,-25.0,0.0,-70.0,-58.0,-25.0,-13.0
2018-11-11 17:39:27.349519|1.49914787487,-3.87767317559|-63.25,-61.5,-33.25,3.0,-55.0,-68.25,-25.0,16.5,-55.0,-66.75,-25.0,0.0,-70.0,-58.5,-25.0,-13.5
2018-11-11 17:39:27.405531|3.24664428293,-4.77929805186|-63.0,-61.0,-33.0,2.0,-55.0,-68.0,-25.0,16.0,-55.0,-67.0,-25.0,0.0,-70.0,-59.0,-25.0,-14.0
2018-11-11 17:39:27.461449|3.44042924927,-3.3723571548|-62.75,-60.5,-32.75,1.0,-55.0,-67.75,-25.0,15.5,-55.0,-67.25,-25.0,0.0,-70.0,-59.5,-25.0,-14.5
2018-11-11 17:39:27.517273|7.92758157061,-4.15929163531|-62.5,-60.0,-32.5,0.0,-55.0,-67.5,-25.0,15.0,-55.0,-67.5,-25.0,0.0,-70.0,-60.0,-25.0,-15.0
2018-11-11 17:39:27.573108|-0.793459108642,-1.40889169321|-62.25,-59.5,-32.25,-1.0,-55.0,-67.25,-25.0,14.5,-55.0,-67.75,-25.0,0.0,-70.0,-60.5,-25.0,-15.5
2018-11-11 17:39:27.628982|4.72916253056,-1.06018601515|-62.0,-59.0,-32.0,-2.0,-55.0,-67.0,-25.0,14.0,-55.0,-68.0,-25.0,0.0,-70.0,-61.0,-25.0,-16.0
2018-11-11 17:39:27.684995|1.46583115562,-5.09508065228|-61.75,-58.5,-31.75,-3.0,-55.0,-66.75,-25.0,13.5,-55.0,-68.25,-25.0,0.0,-70.0,-61.5,-25.0,-16.5
2018-11-11 17:39:27.740824|-0.367504693618,-3.47927386008|-61.5,-58.0,-31.5,-4.0,-55.0,-66.5,-25.0,13.0,-55.0,-68.5,-25.0,0.0,-70.0,-62.0,-25.0,-17.0
2018-11-11 17:39:27.796773|-2.66166082773,2.99054319827|-61.25,-57.5,-31.25,-5.0,-55.0,-66.25,-25.0,12.5,-55.0,-68.75,-25.0,0.0,-70.0,-62.5,-25.0,-17.5
2018-11-11 17:39:27.852626|2.08001648128,-5.08140487818|-61.0,-57.0,-31.0,-6.0,-55.0,-66.0,-25.0,12.0,-55.0,-69.0,-25.0,0.0,-70.0,-63.0,-25.0,-18.0
2018-11-11 17:39:27.908457|7.0014826218,0.871196709728|-60.75,-56.5,-30.75,-7.0,-55.0,-65.75,-25.0,11.5,-55.0,-69.25,-25.0,0.0,-70.0,-63.5,-25.0,-18.5
2018-11-11 17:39:27.964571|-6.78022835558,-1.81683525964|-60.5,-56.0,-30.5,-8.0,-55.0,-65.5,-25.0,11.0,-55.0,-69.5,-25.0,0.0,-70.0,-64.0,-25.0,-19.0
2018-11-11 17:39:28.020983|0.285628926061,2.37590102817|-60.25,-55.5,-30.25,-9.0,-55.0,-65.25,-25.0,10.5,-55.0,-69.75,-25.0,0.0,-70.0,-64.5,-25.0,-19.5
2018-11-11 17:39:28.077429|4.63541174892,-2.53613815|-60.0,-55.0,-30.0,-10.0,-55.0,-65.0,-25.0,10.0,-55.0,-70.0,-25.0,0.0,-70.0,-65.0,-25.0,-20.0
2018-11-11 17:39:28.133974|-2.79447366505,5.73390215175|-59.75,-54.5,-29.75,-11.0,-55.0,-64.75,-25.0,9.5,-55.0,-70.25,-25.0,0.0,-70.0,-65.5,-25.0,-20.5
2018-11-11 17:39:28.190473|2.07538598008,2.43577799832|-59.5,-54.0,-29.5,-12.0,-55.0,-64.5,-25.0,9.0,-55.0,-70.5,-25.0,0.0,-70.0,-66.0,-25.0,-21.0
2018-11-11 17:39:28.246920|0.7326342736,-5.67036230509|-59.25,-53.5,-29.25,-13.0,-55.0,-64.25,-25.0,8.5,-55.0,-70.75,-25.0,0.0,-70.0,-66.5,-25.0,-21.5
2018-11-11 17:39:28.302932|3.90866120676,-0.493497282626|-59.0,-53.0,-29.0,-14.0,-55.0,-64.0,-25.0,8.0,-55.0,-71.0,-25.0,0.0,-70.0,-67.0,-25.0,-22.0
2018-11-11 17:39:28.358960|6.61881462511,-5.60695428677|-58.75,-52.5,-28.75,-15.0,-55.0,-63.75,-25.0,7.5,-55.0,-71.25,-25.0,0.0,-70.0,-67.5,-25.0,-22.5
2018-11-11 17:39:28.415262|2.72660728172,3.80387044985|-58.5,-52.0,-28.5,-16.0,-55.0,-63.5,-25.0,7.0,-55.0,-71.5,-25.0,0.0,-70.0,-68.0,-25.0,-23.0
2018-11-11 17:39:28.471204|3.79466355189,-3.88800741052|-58.25,-51.5,-28.25,-17.0,-55.0,-63.25,-25.0,6.5,-55.0,-71.75,-25.0,0.0,-70.0,-68.5,-25.0,-23.5
2018-11-11 17:39:28.527104|4.2231404305,-5.87650998812|-58.0,-51.0,-28.0,-18.0,-55.0,-63.0,-25.0,6.0,-55.0,-72.0,-25.0,0.0,-70.0,-69.0,-25.0,-24.0
2018-11-11 17:39:28.583020|1.92884431266,1.29107520903|-57.75,-50.5,-27.75,-19.0,-55.0,-62.75,-25.0,5.5,-55.0,-72.25,-25.0,0.0,-70.0,-69.5,-25.0,-24.5
2018-11-11 17:39:28.638812|3.09112913848,0.230570012427|-57.5,-50.0,-27.5,-20.0,-55.0,-62.5,-25.0,5.0,-55.0,-72.5,-25.0,0.0,-70.0,-70.0,-25.0,-25.0
2018-11-11 17:39:28.694918|-2.75263421464,-7.44871442937|-57.25,-49.5,-27.25,-21.0,-55.0,-62.25,-25.0,4.5,-55.0,-72.75,-25.0,0.0,-70.0,-70.5,-25.0,-25.5
2018-11-11 17:39:28.750807|1.11831084254,-1.11831084254|-57.0,-49.0,-27.0,-22.0,-55.0,-62.0,-25.0,4.0,-55.0,-73.0,-25.0,0.0,-70.0,-71.0,-25.0,-26.0
2018-11-11 17:39:28.806818|2.24303581807,-3.08487674467|-56.75,-48.5,-26.75,-23.0,-55.0,-61.75,-25.0,3.5,-55.0,-73.25,-25.0,0.0,-70.0,-71.5,-25.0,-26.5
2018-11-11 17:39:28.862664|1.46877809408,-0.31794969205|-56.5,-48.0,-26.5,-24.0,-55.0,-61.5,-25.0,3.0,-55.0,-73.5,-25.0,0.0,-70.0,-72.0,-25.0,-27.0
2018-11-11 17:39:28.918627|0.825626667468,-1.81367011428|-56.25,-47.5,-26.25,-25.0,-55.0,-61.25,-25.0,2.5,-55.0,-73.75,-25.0,0.0,-70.0,-72.5,-25.0,-27.5
2018-11-11 17:39:28.974759|5.3423261257,-5.56915651803|-56.0,-47.0,-26.0,-26.0,-55.0,-61.0,-25.0,2.0,-55.0,-74.0,-25.0,0.0,-70.0,-73.0,-25.0,-28.0
2018-11-11 17:39:29.030535|4.22577541396,0.467256049416|-55.75,-46.5,-25.75,-27.0,-55.0,-60.75,-25.0,1.5,-55.0,-74.25,-25.0,0.0,-70.0,-73.5,-25.0,-28.5
2018-11-11 17:39:29.086516|-3.25074343226,-4.78451051819|-55.5,-46.0,-25.5,-28.0,-55.0,-60.5,-25.0,1.0,-55.0,-74.5,-25.0,0.0,-70.0,-74.0,-25.0,-29.0
2018-11-11 17:39:29.147536|-0.932614400373,-5.80262855674|-55.25,-45.5,-25.25,-29.0,-55.0,-60.25,-25.0,0.5,-55.0,-74.75,-25.0,0.0,-70.0,-74.5,-25.0,-29.5
2018-11-11 17:39:29.203357|1.58749337299,-4.24091230444|-55.0,-45.0,-25.0,-30.0,-55.0,-60.0,-25.0,0.0,-55.0,-75.0,-25.0,0.0,-70.0,-75.0,-25.0,-30.0
2018-11-11 17:39:29.259708|0.620958892864,2.32179342765|-55.0,-45.25,-25.0,-29.0,-55.0,-60.0,-25.0,-0.5,-55.0,-74.75,-25.0,0.0,-69.75,-74.75,-25.25,-30.0
2018-11-11 17:39:29.315612|4.93620522639,-0.18203480922|-55.0,-45.5,-25.0,-28.0,-55.0,-60.0,-25.0,-1.0,-55.0,-74.5,-25.0,0.0,-69.5,-74.5,-25.5,-30.0
2018-11-11 17:39:29.371521|4.47999859112,-4.6271988435|-55.0,-45.75,-25.0,-27.0,-55.0,-60.0,-25.0,-1.5,-55.0,-74.25,-25.0,0.0,-69.25,-74.25,-25.75,-30.0
2018-11-11 17:39:29.427220|-1.61836507335,0.292645400829|-55.0,-46.0,-25.0,-26.0,-55.0,-60.0,-25.0,-2.0,-55.0,-74.0,-25.0,0.0,-69.0,-74.0,-26.0,-30.0
2018-11-11 17:39:29.482978|-0.525966465203,1.08292139973|-55.0,-46.25,-25.0,-25.0,-55.0,-60.0,-25.0,-2.5,-55.0,-73.75,-25.0,0.0,-68.75,-73.75,-26.25,-30.0
2018-11-11 17:39:29.538742|5.32779692553,-3.92007072247|-55.0,-46.5,-25.0,-24.0,-55.0,-60.0,-25.0,-3.0,-55.0,-73.5,-25.0,0.0,-68.5,-73.5,-26.5,-30.0
2018-11-11 17:39:29.594622|1.71306114971,1.73882932059|-55.0,-46.75,-25.0,-23.0,-55.0,-60.0,-25.0,-3.5,-55.0,-73.25,-25.0,0.0,-68.25,-73.25,-26.75,-30.0
2018-11-11 17:39:29.650387|-0.436323295146,-0.486669438902|-55.0,-47.0,-25.0,-22.0,-55.0,-60.0,-25.0,-4.0,-55.0,-73.0,-25.0,0.0,-68.0,-73.0,-27.0,-30.0
2018-11-11 17:39:29.706379|1.27106607969,-2.2469270185|-55.0,-47.25,-25.0,-21.0,-55.0,-60.0,-25.0,-4.5,-55.0,-72.75,-25.0,0.0,-67.75,-72.75,-27.25,-30.0
2018-11-11 17:39:29.762153|3.0116064513,-2.07857725144|-55.0,-47.5,-25.0,-20.0,-55.0,-60.0,-25.0,-5.0,-55.0,-72.5,-25.0,0.0,-67.5,-72.5,-27.5,-30.0
2018-11-11 17:39:29.817998|3.21049922372,0.3938127595|-55.0,-47.75,-25.0,-19.0,-55.0,-60.0,-25.0,-5.5,-55.0,-72.25,-25.0,0.0,-67.25,-72.25,-27.75,-30.0
2018-11-11 17:39:29.873790|0.852353721608,8.41890792998|-55.0,-48.0,-25.0,-18.0,-55.0,-60.0,-25.0,-6.0,-55.0,-72.0,-25.0,0.0,-67.0,-72.0,-28.0,-30.0
2018-11-11 17:39:29.929554|0.124431909101,0.442428614663|-55.0,-48.25,-25.0,-17.0,-55.0,-60.0,-25.0,-6.5,-55.0,-71.75,-25.0,0.0,-66.75,-71.75,-28.25,-30.0
2018-11-11 17:39:29.985488|6.90009924614,-4.05071362395|-55.0,-48.5,-25.0,-16.0,-55.0,-60.0,-25.0,-7.0,-55.0,-71.5,-25.0,0.0,-66.5,-71.5,-28.5,-30.0
2018-11-11 17:39:30.041260|1.77752304196,-2.92601755029|-55.0,-48.75,-25.0,-15.0,-55.0,-60.0,-25.0,-7.5,-55.0,-71.25,-25.0,0.0,-66.25,-71.25,-28.75,-30.0
2018-11-11 17:39:30.097071|1.27799226467,1.64114657814|-55.0,-49.0,-25.0,-14.0,-55.0,-60.0,-25.0,-8.0,-55.0,-71.0,-25.0,0.0,-66.0,-71.0,-29.0,-30.0
2018-11-11 17:39:30.152771|2.00021696724,-4.91896115373|-55.0,-49.25,-25.0,-13.0,-55.0,-60.0,-25.0,-8.5,-55.0,-70.75,-25.0,0.0,-65.75,-70.75,-29.25,-30.0
2018-11-11 17:39:30.208563|4.35055772059,0.885163927681|-55.0,-49.5,-25.0,-12.0,-55.0,-60.0,-25.0,-9.0,-55.0,-70.5,-25.0,0.0,-65.5,-70.5,-29.5,-30.0
2018-11-11 17:39:30.264379|4.28780169044,0.880499587698|-55.0,-49.75,-25.0,-11.0,-55.0,-60.0,-25.0,-9.5,-55.0,-70.25,-25.0,0.0,-65.25,-70.25,-29.75,-30.0
2018-11-11 17:39:30.320132|6.27034537066,-6.88616674837|-55.0,-50.0,-25.0,-10.0,-55.0,-60.0,-25.0,-10.0,-55.0,-70.0,-25.0,0.0,-65.0,-70.0,-30.0,-30.0
2018-11-11 17:39:30.376010|2.01199217731,1.22632995868|-55.0,-50.25,-25.0,-9.0,-55.0,-60.0,-25.0,-10.5,-55.0,-69.75,-25.0,0.0,-64.75,-69.75,-30.25,-30.0
2018-11-11 17:39:30.431795|1.17500948539,-12.5716437561|-55.0,-50.5,-25.0,-8.0,-55.0,-60.0,-25.0,-11.0,-55.0,-69.5,-25.0,0.0,-64.5,-69.5,-30.5,-30.0
2018-11-11 17:39:30.487810|3.43874378904,-7.90143067162|-55.0,-50.75,-25.0,-7.0,-55.0,-60.0,-25.0,-11.5,-55.0,-69.25,-25.0,0.0,-64.25,-69.25,-30.75,-30.0
2018-11-11 17:39:30.543484|2.11212225081,-5.58536646186|-55.0,-51.0,-25.0,-6.0,-55.0,-60.0,-25.0,-12.0,-55.0,-69.0,-25.0,0.0,-64.0,-69.0,-31.0,-30.0
2018-11-11 17:39:30.599295|-0.313104337756,-2.55039333905|-55.0,-51.25,-25.0,-5.0,-55.0,-60.0,-25.0,-12.5,-55.0,-68.75,-25.0,0.0,-63.75,-68.75,-31.25,-30.0
2018-11-11 17:39:30.655265|4.6792988899,-9.99500030295|-55.0,-51.5,-25.0,-4.0,-55.0,-60.0,-25.0,-13.0,-55.0,-68.5,-25.0,0.0,-63.5,-68.5,-31.5,-30.0
2018-11-11 17:39:30.711058|2.86689825747,0.0750184011881|-55.0,-51.75,-25.0,-3.0,-55.0,-60.0,-25.0,-13.5,-55.0,-68.25,-25.0,0.0,-63.25,-68.25,-31.75,-30.0
2018-11-11 17:39:30.766847|2.19622012021,-6.89366313974|-55.0,-52.0,-25.0,-2.0,-55.0,-60.0,-25.0,-14.0,-55.0,-68.0,-25.0,0.0,-63.0,-68.0,-32.0,-30.0
2018-11-11 17:39:30.822956|5.36831911618,-3.43610918537|-55.0,-52.25,-25.0,-1.0,-55.0,-60.0,-25.0,-14.5,-55.0,-67.75,-25.0,0.0,-62.75,-67.75,-32.25,-30.0
2018-11-11 17:39:30.879550|-1.11895493298,-8.091551868|-55.0,-52.5,-25.0,0.0,-55.0,-60.0,-25.0,-15.0,-55.0,-67.5,-25.0,0.0,-62.5,-67.5,-32.5,-30.0
2018-11-11 17:39:30.936084|2.75502502347,0.555854563246|-55.0,-52.75,-25.0,1.0,-55.0,-60.0,-25.0,-15.5,-55.0,-67.25,-25.0,0.0,-62.25,-67.25,-32.75,-30.0
2018-11-11 17:39:30.992283|2.66370366186,-10.2531200978|-55.0,-53.0,-25.0,2.0,-55.0,-60.0,-25.0,-16.0,-55.0,-67.0,-25.0,0.0,-62.0,-67.0,-33.0,-30.0
2018-11-11 17:39:31.048200|3.96151944261,0.642699854685|-55.0,-53.25,-25.0,3.0,-55.0,-60.0,-25.0,-16.5,-55.0,-66.75,-25.0,0.0,-61.75,-66.75,-33.25,-30.0
2018-11-11 17:39:31.104072|-13.9356097705,12.3242767598|-55.0,-53.5,-25.0,4.0,-55.0,-60.0,-25.0,-17.0,-55.0,-66.5,-25.0,0.0,-61.5,-66.5,-33.5,-30.0
2018-11-11 17:39:31.160495|3.25248261689,-4.74899913822|-55.0,-53.75,-25.0,5.0,-55.0,-60.0,-25.0,-17.5,-55.0,-66.25,-25.0,0.0,-61.25,-66.25,-33.75,-30.0
2018-11-11 17:39:31.216371|4.25022239785,-4.8152800755|-55.0,-54.0,-25.0,6.0,-55.0,-60.0,-25.0,-18.0,-55.0,-66.0,-25.0,0.0,-61.0,-66.0,-34.0,-30.0
2018-11-11 17:39:31.273951|4.12944166916,-3.62185503116|-55.0,-54.25,-25.0,7.0,-55.0,-60.0,-25.0,-18.5,-55.0,-65.75,-25.0,0.0,-60.75,-65.75,-34.25,-30.0
2018-11-11 17:39:31.329879|3.5638406645,-5.98920561996|-55.0,-54.5,-25.0,8.0,-55.0,-60.0,-25.0,-19.0,-55.0,-65.5,-25.0,0.0,-60.5,-65.5,-34.5,-30.0
2018-11-11 17:39:31.385789|4.9038460379,-5.71144182978|-55.0,-54.75,-25.0,9.0,-55.0,-60.0,-25.0,-19.5,-55.0,-65.25,-25.0,0.0,-60.25,-65.25,-34.75,-30.0
2018-11-11 17:39:31.441592|5.86495573328,-7.65196847238|-55.0,-55.0,-25.0,10.0,-55.0,-60.0,-25.0,-20.0,-55.0,-65.0,-25.0,0.0,-60.0,-65.0,-35.0,-30.0
2018-11-11 17:39:31.497377|5.18651816738,-0.96624062537|-55.0,-55.25,-25.0,11.0,-55.0,-60.0,-25.0,-20.5,-55.0,-64.75,-25.0,0.0,-59.75,-64.75,-35.25,-30.0
2018-11-11 17:39:31.553168|-10.9326510387,-5.93776701005|-55.0,-55.5,-25.0,12.0,-55.0,-60.0,-25.0,-21.0,-55.0,-64.5,-25.0,0.0,-59.5,-64.5,-35.5,-30.0
2018-11-11 17:39:31.609044|6.38595812663,-5.72996304576|-55.0,-55.75,-25.0,13.0,-55.0,-60.0,-25.0,-21.5,-55.0,-64.25,-25.0,0.0,-59.25,-64.25,-35.75,-30.0
2018-11-11 17:39:31.664882|8.25685782591,-4.48880092707|-55.0,-56.0,-25.0,14.0,-55.0,-60.0,-25.0,-22.0,-55.0,-64.0,-25.0,0.0,-59.0,-64.0,-36.0,-30.0
2018-11-11 17:39:31.720616|2.89471544972,-9.67957846576|-55.0,-56.25,-25.0,15.0,-55.0,-60.0,-25.0,-22.5,-55.0,-63.75,-25.0,0.0,-58.75,-63.75,-36.25,-30.0
2018-11-11 17:39:31.776511|3.06048242857,-0.582681904141|-55.0,-56.5,-25.0,16.0,-55.0,-60.0,-25.0,-23.0,-55.0,-63.5,-25.0,0.0,-58.5,-63.5,-36.5,-30.0
2018-11-11 17:39:31.832241|0.130180452545,-0.032545086885|-55.0,-56.75,-25.0,17.0,-55.0,-60.0,-25.0,-23.5,-55.0,-63.25,-25.0,0.0,-58.25,-63.25,-36.75,-30.0
2018-11-11 17:39:31.888056|0.813631669223,-4.19457567656|-55.0,-57.0,-25.0,18.0,-55.0,-60.0,-25.0,-24.0,-55.0,-63.0,-25.0,0.0,-58.0,-63.0,-37.0,-30.0
2018-11-11 17:39:31.943974|5.77582043935,-2.5904991592|-55.0,-57.25,-25.0,19.0,-55.0,-60.0,-25.0,-24.5,-55.0,-62.75,-25.0,0.0,-57.75,-62.75,-37.25,-30.0
2018-11-11 17:39:31.999970|4.18772920037,-2.18069589361|-55.0,-57.5,-25.0,20.0,-55.0,-60.0,-25.0,-25.0,-55.0,-62.5,-25.0,0.0,-57.5,-62.5,-37.5,-30.0
2018-11-11 17:39:32.055944|6.51810506366,-5.08943132292|-55.0,-57.75,-25.0,21.0,-55.0,-60.0,-25.0,-25.5,-55.0,-62.25,-25.0,0.0,-57.25,-62.25,-37.75,-30.0
2018-11-11 17:39:32.111796|2.81046754807,-5.35460064646|-55.0,-58.0,-25.0,22.0,-55.0,-60.0,-25.0,-26.0,-55.0,-62.0,-25.0,0.0,-57.0,-62.0,-38.0,-30.0
2018-11-11 17:39:32.168022|4.44899891103,-1.1780047196|-55.0,-58.25,-25.0,23.0,-55.0,-60.0,-25.0,-26.5,-55.0,-61.75,-25.0,0.0,-56.75,-61.75,-38.25,-30.0
2018-11-11 17:39:32.224256|4.15769260046,-10.8347132498|-55.0,-58.5,-25.0,24.0,-55.0,-60.0,-25.0,-27.0,-55.0,-61.5,-25.0,0.0,-56.5,-61.5,-38.5,-30.0
2018-11-11 17:39:32.280883|6.03757149612,7.74113848383|-55.0,-58.75,-25.0,25.0,-55.0,-60.0,-25.0,-27.5,-55.0,-61.25,-25.0,0.0,-56.25,-61.25,-38.75,-30.0
2018-11-11 17:39:32.337243|9.81553756422,-6.54992816876|-55.0,-59.0,-25.0,26.0,-55.0,-60.0,-25.0,-28.0,-55.0,-61.0,-25.0,0.0,-56.0,-61.0,-39.0,-30.0
2018-11-11 17:39:32.393669|7.61349384066,-9.85056615569|-55.0,-59.25,-25.0,27.0,-55.0,-60.0,-25.0,-28.5,-55.0,-60.75,-25.0,0.0,-55.75,-60.75,-39.25,-30.0
2018-11-11 17:39:32.449529|8.81547619353,-5.7098437187|-55.0,-59.5,-25.0,28.0,-55.0,-60.0,-25.0,-29.0,-55.0,-60.5,-25.0,0.0,-55.5,-60.5,-39.5,-30.0
2018-11-11 17:39:32.505836|4.5647312854,-14.8314390177|-55.0,-59.75,-25.0,29.0,-55.0,-60.0,-25.0,-29.5,-55.0,-60.25,-25.0,0.0,-55.25,-60.25,-39.75,-30.0
2018-11-11 17:39:32.561787|6.49558410205,-8.06461678484|-55.0,-60.0,-25.0,30.0,-55.0,-60.0,-25.0,-30.0,-55.0,-60.0,-25.0,0.0,-55.0,-60.0,-40.0,-30.0
2018-11-11 17:39:32.619172|4.95690113203,-5.25387738988|-55.0,-59.5,-24.5,30.0,-55.0,-60.5,-25.0,-29.0,-55.0,-59.5,-25.0,0.0,-55.5,-60.0,-39.5,-29.0
2018-11-11 17:39:32.675164|8.7374500743,-6.94744440695|-55.0,-59.0,-24.0,30.0,-55.0,-61.0,-25.0,-28.0,-55.0,-59.0,-25.0,0.0,-56.0,-60.0,-39.0,-28.0
2018-11-11 17:39:32.731507|8.5506802236,-11.2936352948|-55.0,-58.5,-23.5,30.0,-55.0,-61.5,-25.0,-27.0,-55.0,-58.5,-25.0,0.0,-56.5,-60.0,-38.5,-27.0
2018-11-11 17:39:32.787296|6.53807839833,-4.91095678915|-55.0,-58.0,-23.0,30.0,-55.0,-62.0,-25.0,-26.0,-55.0,-58.0,-25.0,0.0,-57.0,-60.0,-38.0,-26.0
2018-11-11 17:39:32.843263|6.58249043882,-7.95974684016|-55.0,-57.5,-22.5,30.0,-55.0,-62.5,-25.0,-25.0,-55.0,-57.5,-25.0,0.0,-57.5,-60.0,-37.5,-25.0
2018-11-11 17:39:32.899181|4.06294279907,-6.64912676002|-55.0,-57.0,-22.0,30.0,-55.0,-63.0,-25.0,-24.0,-55.0,-57.0,-25.0,0.0,-58.0,-60.0,-37.0,-24.0
2018-11-11 17:39:32.955186|10.7469190239,-6.75784826977|-55.0,-56.5,-21.5,30.0,-55.0,-63.5,-25.0,-23.0,-55.0,-56.5,-25.0,0.0,-58.5,-60.0,-36.5,-23.0
2018-11-11 17:39:33.011056|5.14139770382,-2.75580849192|-55.0,-56.0,-21.0,30.0,-55.0,-64.0,-25.0,-22.0,-55.0,-56.0,-25.0,0.0,-59.0,-60.0,-36.0,-22.0
2018-11-11 17:39:33.067021|3.20235537481,-9.39794228356|-55.0,-55.5,-20.5,30.0,-55.0,-64.5,-25.0,-21.0,-55.0,-55.5,-25.0,0.0,-59.5,-60.0,-35.5,-21.0
2018-11-11 17:39:33.124875|0.6987366999,-11.1688637384|-55.0,-55.0,-20.0,30.0,-55.0,-65.0,-25.0,-20.0,-55.0,-55.0,-25.0,0.0,-60.0,-60.0,-35.0,-20.0
2018-11-11 17:39:33.180716|2.96783908792,-11.8089581693|-55.0,-54.5,-19.5,30.0,-55.0,-65.5,-25.0,-19.0,-55.0,-54.5,-25.0,0.0,-60.5,-60.0,-34.5,-19.0
2018-11-11 17:39:33.236720|1.04950491812,-0.102663273094|-55.0,-54.0,-19.0,30.0,-55.0,-66.0,-25.0,-18.0,-55.0,-54.0,-25.0,0.0,-61.0,-60.0,-34.0,-18.0
2018-11-11 17:39:33.292613|1.13249612778,-4.33398211719|-55.0,-53.5,-18.5,30.0,-55.0,-66.5,-25.0,-17.0,-55.0,-53.5,-25.0,0.0,-61.5,-60.0,-33.5,-17.0
2018-11-11 17:39:33.348557|5.19671743593,-2.75660065735|-55.0,-53.0,-18.0,30.0,-55.0,-67.0,-25.0,-16.0,-55.0,-53.0,-25.0,0.0,-62.0,-60.0,-33.0,-16.0
2018-11-11 17:39:33.404475|0.741954469403,-3.29330095177|-55.0,-52.5,-17.5,30.0,-55.0,-67.5,-25.0,-15.0,-55.0,-52.5,-25.0,0.0,-62.5,-60.0,-32.5,-15.0
2018-11-11 17:39:33.460513|-0.0870813404043,-7.71547902167|-55.0,-52.0,-17.0,30.0,-55.0,-68.0,-25.0,-14.0,-55.0,-52.0,-25.0,0.0,-63.0,-60.0,-32.0,-14.0
2018-11-11 17:39:33.516509|1.76329734839,-4.46480473289|-55.0,-51.5,-16.5,30.0,-55.0,-68.5,-25.0,-13.0,-55.0,-51.5,-25.0,0.0,-63.5,-60.0,-31.5,-13.0
2018-11-11 17:39:33.572372|1.24963460578,-7.35759361957|-55.0,-51.0,-16.0,30.0,-55.0,-69.0,-25.0,-12.0,-55.0,-51.0,-25.0,0.0,-64.0,-60.0,-31.0,-12.0
2018-11-11 17:39:33.628265|-6.3389012335,-5.47548348387|-55.0,-50.5,-15.5,30.0,-55.0,-69.5,-25.0,-11.0,-55.0,-50.5,-25.0,0.0,-64.5,-60.0,-30.5,-11.0
2018-11-11 17:39:33.684175|2.89343535483,-8.90807023364|-55.0,-50.0,-15.0,30.0,-55.0,-70.0,-25.0,-10.0,-55.0,-50.0,-25.0,0.0,-65.0,-60.0,-30.0,-10.0
2018-11-11 17:39:33.740401|-3.65582278332,-3.63592739438|-55.0,-49.5,-14.5,30.0,-55.0,-70.5,-25.0,-9.0,-55.0,-49.5,-25.0,0.0,-65.5,-60.0,-29.5,-9.0
2018-11-11 17:39:33.796358|2.49778772864,-7.42615307755|-55.0,-49.0,-14.0,30.0,-55.0,-71.0,-25.0,-8.0,-55.0,-49.0,-25.0,0.0,-66.0,-60.0,-29.0,-8.0
2018-11-11 17:39:33.852503|5.46196245623,-6.95687136159|-55.0,-48.5,-13.5,30.0,-55.0,-71.5,-25.0,-7.0,-55.0,-48.5,-25.0,0.0,-66.5,-60.0,-28.5,-7.0
2018-11-11 17:39:33.908592|1.55639063025,-4.42864427875|-55.0,-48.0,-13.0,30.0,-55.0,-72.0,-25.0,-6.0,-55.0,-48.0,-25.0,0.0,-67.0,-60.0,-28.0,-6.0
2018-11-11 17:39:33.965913|0.660154670984,-0.956573919453|-55.0,-47.5,-12.5,30.0,-55.0,-72.5,-25.0,-5.0,-55.0,-47.5,-25.0,0.0,-67.5,-60.0,-27.5,-5.0
2018-11-11 17:39:34.021879|-1.96431543121,-10.4531811123|-55.0,-47.0,-12.0,30.0,-55.0,-73.0,-25.0,-4.0,-55.0,-47.0,-25.0,0.0,-68.0,-60.0,-27.0,-4.0
2018-11-11 17:39:34.077858|0.451842489978,-7.8447566871|-55.0,-46.5,-11.5,30.0,-55.0,-73.5,-25.0,-3.0,-55.0,-46.5,-25.0,0.0,-68.5,-60.0,-26.5,-3.0
2018-11-11 17:39:34.133823|-5.19306322822,-7.65649432578|-55.0,-46.0,-11.0,30.0,-55.0,-74.0,-25.0,-2.0,-55.0,-46.0,-25.0,0.0,-69.0,-60.0,-26.0,-2.0
2018-11-11 17:39:34.196895|-1.95761354765,-8.82885324342|-55.0,-45.5,-10.5,30.0,-55.0,-74.5,-25.0,-1.0,-55.0,-45.5,-25.0,0.0,-69.5,-60.0,-25.5,-1.0
2018-11-11 17:39:34.253034|1.85778250773,-12.9954013697|-55.0,-45.0,-10.0,30.0,-55.0,-75.0,-25.0,0.0,-55.0,-45.0,-25.0,0.0,-70.0,-60.0,-25.0,0.0
2018-11-11 17:39:34.310669|0.681671505672,-4.59473636866|-55.0,-45.5,-10.0,29.0,-55.0,-75.0,-25.5,0.0,-55.0,-45.5,-25.0,-1.0,-69.5,-60.0,-25.0,0.0
2018-11-11 17:39:34.366760|-0.806599910194,-14.9564582632|-55.0,-46.0,-10.0,28.0,-55.0,-75.0,-26.0,0.0,-55.0,-46.0,-25.0,-2.0,-69.0,-60.0,-25.0,0.0
2018-11-11 17:39:34.422525|2.67993744102,-7.05170981352|-55.0,-46.5,-10.0,27.0,-55.0,-75.0,-26.5,0.0,-55.0,-46.5,-25.0,-3.0,-68.5,-60.0,-25.0,0.0
2018-11-11 17:39:34.478444|-1.65239265552,-3.59654190135|-55.0,-47.0,-10.0,26.0,-55.0,-75.0,-27.0,0.0,-55.0,-47.0,-25.0,-4.0,-68.0,-60.0,-25.0,0.0
2018-11-11 17:39:34.534354|-0.477123478779,-11.2445556981|-55.0,-47.5,-10.0,25.0,-55.0,-75.0,-27.5,0.0,-55.0,-47.5,-25.0,-5.0,-67.5,-60.0,-25.0,0.0
2018-11-11 17:39:34.590237|-0.270636525866,-9.27590429738|-55.0,-48.0,-10.0,24.0,-55.0,-75.0,-28.0,0.0,-55.0,-48.0,-25.0,-6.0,-67.0,-60.0,-25.0,0.0
2018-11-11 17:39:34.646201|-1.95133762459,-9.43440812022|-55.0,-48.5,-10.0,23.0,-55.0,-75.0,-28.5,0.0,-55.0,-48.5,-25.0,-7.0,-66.5,-60.0,-25.0,0.0
2018-11-11 17:39:34.702387|-2.42118221012,-14.034602421|-55.0,-49.0,-10.0,22.0,-55.0,-75.0,-29.0,0.0,-55.0,-49.0,-25.0,-8.0,-66.0,-60.0,-25.0,0.0
2018-11-11 17:39:34.758328|-4.05804594096,-0.305709491901|-55.0,-49.5,-10.0,21.0,-55.0,-75.0,-29.5,0.0,-55.0,-49.5,-25.0,-9.0,-65.5,-60.0,-25.0,0.0
2018-11-11 17:39:34.814219|-4.26637034983,-1.80414733518|-55.0,-50.0,-10.0,20.0,-55.0,-75.0,-30.0,0.0,-55.0,-50.0,-25.0,-10.0,-65.0,-60.0,-25.0,0.0
2018-11-11 17:39:34.870261|-1.26350953925,-6.58419898985|-55.0,-50.5,-10.0,19.0,-55.0,-75.0,-30.5,0.0,-55.0,-50.5,-25.0,-11.0,-64.5,-60.0,-25.0,0.0
2018-11-11 17:39:34.926624|-14.9440691704,-13.1251789206|-55.0,-51.0,-10.0,18.0,-55.0,-75.0,-31.0,0.0,-55.0,-51.0,-25.0,-12.0,-64.0,-60.0,-25.0,0.0
2018-11-11 17:39:34.982574|-3.4996175579,-3.73036107383|-55.0,-51.5,-10.0,17.0,-55.0,-75.0,-31.5,0.0,-55.0,-51.5,-25.0,-13.0,-63.5,-60.0,-25.0,0.0
2018-11-11 17:39:35.038528|-3.49501766226,-12.1601298326|-55.0,-52.0,-10.0,16.0,-55.0,-75.0,-32.0,0.0,-55.0,-52.0,-25.0,-14.0,-63.0,-60.0,-25.0,0.0
2018-11-11 17:39:35.095817|-2.24152199365,-7.46947826201|-55.0,-52.5,-10.0,15.0,-55.0,-75.0,-32.5,0.0,-55.0,-52.5,-25.0,-15.0,-62.5,-60.0,-25.0,0.0
2018-11-11 17:39:35.152354|-4.79930972832,-6.09398043389|-55.0,-53.0,-10.0,14.0,-55.0,-75.0,-33.0,0.0,-55.0,-53.0,-25.0,-16.0,-62.0,-60.0,-25.0,0.0
2018-11-11 17:39:35.208227|-10.0199812481,1.38965438036|-55.0,-53.5,-10.0,13.0,-55.0,-75.0,-33.5,0.0,-55.0,-53.5,-25.0,-17.0,-61.5,-60.0,-25.0,0.0
2018-11-11 17:39:35.264091|-0.0761963658853,-8.44259457626|-55.0,-54.0,-10.0,12.0,-55.0,-75.0,-34.0,0.0,-55.0,-54.0,-25.0,-18.0,-61.0,-60.0,-25.0,0.0
2018-11-11 17:39:35.320250|-1.75494447293,-6.96620080383|-55.0,-54.5,-10.0,11.0,-55.0,-75.0,-34.5,0.0,-55.0,-54.5,-25.0,-19.0,-60.5,-60.0,-25.0,0.0
2018-11-11 17:39:35.376160|-27.2980566512,-21.7865363033|-55.0,-55.0,-10.0,10.0,-55.0,-75.0,-35.0,0.0,-55.0,-55.0,-25.0,-20.0,-60.0,-60.0,-25.0,0.0
2018-11-11 17:39:35.432138|3.08490621502,-23.7932569193|-55.0,-55.5,-10.0,9.0,-55.0,-75.0,-35.5,0.0,-55.0,-55.5,-25.0,-21.0,-59.5,-60.0,-25.0,0.0
2018-11-11 17:39:35.489645|-40.7166541311,-5.63866532111|-55.0,-56.0,-10.0,8.0,-55.0,-75.0,-36.0,0.0,-55.0,-56.0,-25.0,-22.0,-59.0,-60.0,-25.0,0.0
2018-11-11 17:39:35.545609|17.3270415171,-12.4804335547|-55.0,-56.5,-10.0,7.0,-55.0,-75.0,-36.5,0.0,-55.0,-56.5,-25.0,-23.0,-58.5,-60.0,-25.0,0.0
2018-11-11 17:39:35.601480|-2.05445935009,-13.9806245115|-55.0,-57.0,-10.0,6.0,-55.0,-75.0,-37.0,0.0,-55.0,-57.0,-25.0,-24.0,-58.0,-60.0,-25.0,0.0
2018-11-11 17:39:35.657521|-4.45281353774,11.0679991024|-55.0,-57.5,-10.0,5.0,-55.0,-75.0,-37.5,0.0,-55.0,-57.5,-25.0,-25.0,-57.5,-60.0,-25.0,0.0
2018-11-11 17:39:35.713598|-8.13235982079,-22.0787365244|-55.0,-58.0,-10.0,4.0,-55.0,-75.0,-38.0,0.0,-55.0,-58.0,-25.0,-26.0,-57.0,-60.0,-25.0,0.0
2018-11-11 17:39:35.769718|2.60880154838,8.88960504598|-55.0,-58.5,-10.0,3.0,-55.0,-75.0,-38.5,0.0,-55.0,-58.5,-25.0,-27.0,-56.5,-60.0,-25.0,0.0
2018-11-11 17:39:35.825663|5.90755791391,1.69009698883|-55.0,-59.0,-10.0,2.0,-55.0,-75.0,-39.0,0.0,-55.0,-59.0,-25.0,-28.0,-56.0,-60.0,-25.0,0.0
2018-11-11 17:39:35.881388|-4.54354874121,19.1543443955|-55.0,-59.5,-10.0,1.0,-55.0,-75.0,-39.5,0.0,-55.0,-59.5,-25.0,-29.0,-55.5,-60.0,-25.0,0.0
2018-11-11 17:39:35.937214|-2.88981457191,-7.59178074397|-55.0,-60.0,-10.0,0.0,-55.0,-75.0,-40.0,0.0,-55.0,-60.0,-25.0,-30.0,-55.0,-60.0,-25.0,0.0
2018-11-11 17:39:35.994252|-4.62180133152,-7.72655076611|-55.0,-60.0,-10.0,0.0,-55.5,-74.5,-40.0,0.0,-54.5,-60.0,-25.5,-29.0,-55.0,-60.0,-24.5,-1.0
2018-11-11 17:39:36.050120|-1.94088496366,-2.66181342053|-55.0,-60.0,-10.0,0.0,-56.0,-74.0,-40.0,0.0,-54.0,-60.0,-26.0,-28.0,-55.0,-60.0,-24.0,-2.0
2018-11-11 17:39:36.105970|-1.53075501267,-7.31829900605|-55.0,-60.0,-10.0,0.0,-56.5,-73.5,-40.0,0.0,-53.5,-60.0,-26.5,-27.0,-55.0,-60.0,-23.5,-3.0
2018-11-11 17:39:36.162193|-2.05417330431,-10.2043260354|-55.0,-60.0,-10.0,0.0,-57.0,-73.0,-40.0,0.0,-53.0,-60.0,-27.0,-26.0,-55.0,-60.0,-23.0,-4.0
2018-11-11 17:39:36.218006|-4.31160233191,-6.43109703473|-55.0,-60.0,-10.0,0.0,-57.5,-72.5,-40.0,0.0,-52.5,-60.0,-27.5,-25.0,-55.0,-60.0,-22.5,-5.0
2018-11-11 17:39:36.273784|-1.83642812135,0.541005827635|-55.0,-60.0,-10.0,0.0,-58.0,-72.0,-40.0,0.0,-52.0,-60.0,-28.0,-24.0,-55.0,-60.0,-22.0,-6.0
2018-11-11 17:39:36.329572|-5.04462122675,-3.16175326435|-55.0,-60.0,-10.0,0.0,-58.5,-71.5,-40.0,0.0,-51.5,-60.0,-28.5,-23.0,-55.0,-60.0,-21.5,-7.0
2018-11-11 17:39:36.385412|-3.09523700304,1.42802401415|-55.0,-60.0,-10.0,0.0,-59.0,-71.0,-40.0,0.0,-51.0,-60.0,-29.0,-22.0,-55.0,-60.0,-21.0,-8.0
2018-11-11 17:39:36.441164|-3.66977297932,-14.6425768636|-55.0,-60.0,-10.0,0.0,-59.5,-70.5,-40.0,0.0,-50.5,-60.0,-29.5,-21.0,-55.0,-60.0,-20.5,-9.0
2018-11-11 17:39:36.496964|-10.5716482047,-10.3230673291|-55.0,-60.0,-10.0,0.0,-60.0,-70.0,-40.0,0.0,-50.0,-60.0,-30.0,-20.0,-55.0,-60.0,-20.0,-10.0
2018-11-11 17:39:36.552762|-4.70159490978,-8.16389665382|-55.0,-60.0,-10.0,0.0,-60.5,-69.5,-40.0,0.0,-49.5,-60.0,-30.5,-19.0,-55.0,-60.0,-19.5,-11.0
2018-11-11 17:39:36.608539|-0.396388526681,-6.9937367451|-55.0,-60.0,-10.0,0.0,-61.0,-69.0,-40.0,0.0,-49.0,-60.0,-31.0,-18.0,-55.0,-60.0,-19.0,-12.0
2018-11-11 17:39:36.664442|-2.27542545642,-9.94353294296|-55.0,-60.0,-10.0,0.0,-61.5,-68.5,-40.0,0.0,-48.5,-60.0,-31.5,-17.0,-55.0,-60.0,-18.5,-13.0
2018-11-11 17:39:36.720400|-2.88410451388,-1.17760000855|-55.0,-60.0,-10.0,0.0,-62.0,-68.0,-40.0,0.0,-48.0,-60.0,-32.0,-16.0,-55.0,-60.0,-18.0,-14.0
2018-11-11 17:39:36.776240|-7.86309644696,-2.92907147351|-55.0,-60.0,-10.0,0.0,-62.5,-67.5,-40.0,0.0,-47.5,-60.0,-32.5,-15.0,-55.0,-60.0,-17.5,-15.0
2018-11-11 17:39:36.832014|-11.2997768872,-1.96937265864|-55.0,-60.0,-10.0,0.0,-63.0,-67.0,-40.0,0.0,-47.0,-60.0,-33.0,-14.0,-55.0,-60.0,-17.0,-16.0
2018-11-11 17:39:36.887797|-5.5579783676,-13.4082712906|-55.0,-60.0,-10.0,0.0,-63.5,-66.5,-40.0,0.0,-46.5,-60.0,-33.5,-13.0,-55.0,-60.0,-16.5,-17.0
2018-11-11 17:39:36.943587|-8.14169392658,-4.64399711816|-55.0,-60.0,-10.0,0.0,-64.0,-66.0,-40.0,0.0,-46.0,-60.0,-34.0,-12.0,-55.0,-60.0,-16.0,-18.0
2018-11-11 17:39:36.999730|-2.50448694595,-10.2092084884|-55.0,-60.0,-10.0,0.0,-64.5,-65.5,-40.0,0.0,-45.5,-60.0,-34.5,-11.0,-55.0,-60.0,-15.5,-19.0
2018-11-11 17:39:37.055653|0.647152584555,-1.04626591259|-55.0,-60.0,-10.0,0.0,-65.0,-65.0,-40.0,0.0,-45.0,-60.0,-35.0,-10.0,-55.0,-60.0,-15.0,-20.0
2018-11-11 17:39:37.111453|-2.94402300303,-1.00087707623|-55.0,-60.0,-10.0,0.0,-65.5,-64.5,-40.0,0.0,-44.5,-60.0,-35.5,-9.0,-55.0,-60.0,-14.5,-21.0
2018-11-11 17:39:37.167300|0.523815264518,-4.45045371338|-55.0,-60.0,-10.0,0.0,-66.0,-64.0,-40.0,0.0,-44.0,-60.0,-36.0,-8.0,-55.0,-60.0,-14.0,-22.0
2018-11-11 17:39:37.223208|-10.808341869,-4.66811393427|-55.0,-60.0,-10.0,0.0,-66.5,-63.5,-40.0,0.0,-43.5,-60.0,-36.5,-7.0,-55.0,-60.0,-13.5,-23.0
2018-11-11 17:39:37.279761|-12.340402364,-8.36512026484|-55.0,-60.0,-10.0,0.0,-67.0,-63.0,-40.0,0.0,-43.0,-60.0,-37.0,-6.0,-55.0,-60.0,-13.0,-24.0
2018-11-11 17:39:37.335696|-15.9379198807,-0.484875083245|-55.0,-60.0,-10.0,0.0,-67.5,-62.5,-40.0,0.0,-42.5,-60.0,-37.5,-5.0,-55.0,-60.0,-12.5,-25.0
2018-11-11 17:39:37.391624|-19.1922584226,-2.08012411176|-55.0,-60.0,-10.0,0.0,-68.0,-62.0,-40.0,0.0,-42.0,-60.0,-38.0,-4.0,-55.0,-60.0,-12.0,-26.0
2018-11-11 17:39:37.447590|-11.5967813349,-5.62022658749|-55.0,-60.0,-10.0,0.0,-68.5,-61.5,-40.0,0.0,-41.5,-60.0,-38.5,-3.0,-55.0,-60.0,-11.5,-27.0
2018-11-11 17:39:37.503649|-18.0679573634,5.79389200725|-55.0,-60.0,-10.0,0.0,-69.0,-61.0,-40.0,0.0,-41.0,-60.0,-39.0,-2.0,-55.0,-60.0,-11.0,-28.0
2018-11-11 17:39:37.559597|-4.51307554854,-4.2276613232|-55.0,-60.0,-10.0,0.0,-69.5,-60.5,-40.0,0.0,-40.5,-60.0,-39.5,-1.0,-55.0,-60.0,-10.5,-29.0
2018-11-11 17:39:37.615622|-36.3978997699,3.92704255501|-55.0,-60.0,-10.0,0.0,-70.0,-60.0,-40.0,0.0,-40.0,-60.0,-40.0,0.0,-55.0,-60.0,-10.0,-30.0
2018-11-11 17:39:37.673497|24.3744221435,-14.3217174327|-55.0,-60.0,-10.5,0.0,-70.0,-60.0,-39.5,0.0,-40.0,-60.0,-39.5,1.0,-55.0,-59.5,-10.5,-29.0
2018-11-11 17:39:37.729362|-23.2063103354,-4.91291855845|-55.0,-60.0,-11.0,0.0,-70.0,-60.0,-39.0,0.0,-40.0,-60.0,-39.0,2.0,-55.0,-59.0,-11.0,-28.0
2018-11-11 17:39:37.785386|-11.260187555,4.6186540866|-55.0,-60.0,-11.5,0.0,-70.0,-60.0,-38.5,0.0,-40.0,-60.0,-38.5,3.0,-55.0,-58.5,-11.5,-27.0
2018-11-11 17:39:37.841280|-7.99643302189,4.97198518075|-55.0,-60.0,-12.0,0.0,-70.0,-60.0,-38.0,0.0,-40.0,-60.0,-38.0,4.0,-55.0,-58.0,-12.0,-26.0
2018-11-11 17:39:37.897315|-15.6228554426,-6.10802451971|-55.0,-60.0,-12.5,0.0,-70.0,-60.0,-37.5,0.0,-40.0,-60.0,-37.5,5.0,-55.0,-57.5,-12.5,-25.0
2018-11-11 17:39:37.953641|-15.4318272271,-6.25273469346|-55.0,-60.0,-13.0,0.0,-70.0,-60.0,-37.0,0.0,-40.0,-60.0,-37.0,6.0,-55.0,-57.0,-13.0,-24.0
2018-11-11 17:39:38.009718|-9.66496019011,1.98272870887|-55.0,-60.0,-13.5,0.0,-70.0,-60.0,-36.5,0.0,-40.0,-60.0,-36.5,7.0,-55.0,-56.5,-13.5,-23.0
2018-11-11 17:39:38.066515|-10.5284234534,-8.35554161632|-55.0,-60.0,-14.0,0.0,-70.0,-60.0,-36.0,0.0,-40.0,-60.0,-36.0,8.0,-55.0,-56.0,-14.0,-22.0
2018-11-11 17:39:38.122280|-14.6027862692,-1.17423803319|-55.0,-60.0,-14.5,0.0,-70.0,-60.0,-35.5,0.0,-40.0,-60.0,-35.5,9.0,-55.0,-55.5,-14.5,-21.0
2018-11-11 17:39:38.178200|-12.0846694517,-2.91677633798|-55.0,-60.0,-15.0,0.0,-70.0,-60.0,-35.0,0.0,-40.0,-60.0,-35.0,10.0,-55.0,-55.0,-15.0,-20.0
2018-11-11 17:39:38.234098|-6.95155541283,-5.58456154341|-55.0,-60.0,-15.5,0.0,-70.0,-60.0,-34.5,0.0,-40.0,-60.0,-34.5,11.0,-55.0,-54.5,-15.5,-19.0
2018-11-11 17:39:38.290052|-9.37806605314,-6.1777103639|-55.0,-60.0,-16.0,0.0,-70.0,-60.0,-34.0,0.0,-40.0,-60.0,-34.0,12.0,-55.0,-54.0,-16.0,-18.0
2018-11-11 17:39:38.345994|-5.40760263855,-5.30883435537|-55.0,-60.0,-16.5,0.0,-70.0,-60.0,-33.5,0.0,-40.0,-60.0,-33.5,13.0,-55.0,-53.5,-16.5,-17.0
2018-11-11 17:39:38.401828|-5.4358487998,-8.41053761543|-55.0,-60.0,-17.0,0.0,-70.0,-60.0,-33.0,0.0,-40.0,-60.0,-33.0,14.0,-55.0,-53.0,-17.0,-16.0
2018-11-11 17:39:38.457777|-12.2414259219,-4.21574910999|-55.0,-60.0,-17.5,0.0,-70.0,-60.0,-32.5,0.0,-40.0,-60.0,-32.5,15.0,-55.0,-52.5,-17.5,-15.0
2018-11-11 17:39:38.513661|-0.912970513078,-6.73680749918|-55.0,-60.0,-18.0,0.0,-70.0,-60.0,-32.0,0.0,-40.0,-60.0,-32.0,16.0,-55.0,-52.0,-18.0,-14.0
2018-11-11 17:39:38.569564|-5.01434386,-5.01434386|-55.0,-60.0,-18.5,0.0,-70.0,-60.0,-31.5,0.0,-40.0,-60.0,-31.5,17.0,-55.0,-51.5,-18.5,-13.0
2018-11-11 17:39:38.625625|-7.33558308663,-7.3891320765|-55.0,-60.0,-19.0,0.0,-70.0,-60.0,-31.0,0.0,-40.0,-60.0,-31.0,18.0,-55.0,-51.0,-19.0,-12.0
2018-11-11 17:39:38.681566|-3.46463837452,-8.73385309148|-55.0,-60.0,-19.5,0.0,-70.0,-60.0,-30.5,0.0,-40.0,-60.0,-30.5,19.0,-55.0,-50.5,-19.5,-11.0
2018-11-11 17:39:38.737447|-15.8355079143,8.81769528622|-55.0,-60.0,-20.0,0.0,-70.0,-60.0,-30.0,0.0,-40.0,-60.0,-30.0,20.0,-55.0,-50.0,-20.0,-10.0
2018-11-11 17:39:38.793292|-2.90742071908,-12.8626413699|-55.0,-60.0,-20.5,0.0,-70.0,-60.0,-29.5,0.0,-40.0,-60.0,-29.5,21.0,-55.0,-49.5,-20.5,-9.0
2018-11-11 17:39:38.849096|-5.28118715673,-9.8048333983|-55.0,-60.0,-21.0,0.0,-70.0,-60.0,-29.0,0.0,-40.0,-60.0,-29.0,22.0,-55.0,-49.0,-21.0,-8.0
2018-11-11 17:39:38.905043|-5.84167345719,-5.52873993787|-55.0,-60.0,-21.5,0.0,-70.0,-60.0,-28.5,0.0,-40.0,-60.0,-28.5,23.0,-55.0,-48.5,-21.5,-7.0
2018-11-11 17:39:38.960905|-4.99175039013,-2.01066990444|-55.0,-60.0,-22.0,0.0,-70.0,-60.0,-28.0,0.0,-40.0,-60.0,-28.0,24.0,-55.0,-48.0,-22.0,-6.0
2018-11-11 17:39:39.016795|-3.13175103072,-4.20871968529|-55.0,-60.0,-22.5,0.0,-70.0,-60.0,-27.5,0.0,-40.0,-60.0,-27.5,25.0,-55.0,-47.5,-22.5,-5.0
2018-11-11 17:39:39.072728|-6.69571217169,-11.8002424013|-55.0,-60.0,-23.0,0.0,-70.0,-60.0,-27.0,0.0,-40.0,-60.0,-27.0,26.0,-55.0,-47.0,-23.0,-4.0
2018-11-11 17:39:39.128672|-0.334355156906,-4.33619341022|-55.0,-60.0,-23.5,0.0,-70.0,-60.0,-26.5,0.0,-40.0,-60.0,-26.5,27.0,-55.0,-46.5,-23.5,-3.0
2018-11-11 17:39:39.231227|-1.86174633658,-4.56713583741|-55.0,-60.0,-24.0,0.0,-70.0,-60.0,-26.0,0.0,-40.0,-60.0,-26.0,28.0,-55.0,-46.0,-24.0,-2.0
2018-11-11 17:39:39.287217|-2.78816021377,-1.43134181072|-55.0,-60.0,-24.5,0.0,-70.0,-60.0,-25.5,0.0,-40.0,-60.0,-25.5,29.0,-55.0,-45.5,-24.5,-1.0
2018-11-11 17:39:39.343162|-0.648710250653,-5.49413103801|-55.0,-60.0,-25.0,0.0,-70.0,-60.0,-25.0,0.0,-40.0,-60.0,-25.0,30.0,-55.0,-45.0,-25.0,0.0
2018-11-11 17:39:39.400447|-0.723447226085,0.668844853915|-55.0,-60.5,-24.5,0.0,-69.5,-60.0,-25.5,1.0,-40.5,-60.5,-25.0,29.0,-54.5,-46.0,-25.5,0.0
2018-11-11 17:39:39.456516|-3.35175516154,-8.0167348784|-55.0,-61.0,-24.0,0.0,-69.0,-60.0,-26.0,2.0,-41.0,-61.0,-25.0,28.0,-54.0,-47.0,-26.0,0.0
2018-11-11 17:39:39.513199|-0.724394235845,-8.35994310891|-55.0,-61.5,-23.5,0.0,-68.5,-60.0,-26.5,3.0,-41.5,-61.5,-25.0,27.0,-53.5,-48.0,-26.5,0.0
2018-11-11 17:39:39.569125|-7.71854743074,-5.06880873405|-55.0,-62.0,-23.0,0.0,-68.0,-60.0,-27.0,4.0,-42.0,-62.0,-25.0,26.0,-53.0,-49.0,-27.0,0.0
2018-11-11 17:39:39.625367|1.08241050787,-11.0956231539|-55.0,-62.5,-22.5,0.0,-67.5,-60.0,-27.5,5.0,-42.5,-62.5,-25.0,25.0,-52.5,-50.0,-27.5,0.0
2018-11-11 17:39:39.681422|2.1580429796,-8.61600178935|-55.0,-63.0,-22.0,0.0,-67.0,-60.0,-28.0,6.0,-43.0,-63.0,-25.0,24.0,-52.0,-51.0,-28.0,0.0
2018-11-11 17:39:39.737498|-3.05405983207,-3.34893489709|-55.0,-63.5,-21.5,0.0,-66.5,-60.0,-28.5,7.0,-43.5,-63.5,-25.0,23.0,-51.5,-52.0,-28.5,0.0
2018-11-11 17:39:39.793508|-1.54096724162,-7.16364591145|-55.0,-64.0,-21.0,0.0,-66.0,-60.0,-29.0,8.0,-44.0,-64.0,-25.0,22.0,-51.0,-53.0,-29.0,0.0
2018-11-11 17:39:39.849523|1.68942240465,-6.59559315597|-55.0,-64.5,-20.5,0.0,-65.5,-60.0,-29.5,9.0,-44.5,-64.5,-25.0,21.0,-50.5,-54.0,-29.5,0.0
2018-11-11 17:39:39.906654|-2.33995190092,-12.8625305082|-55.0,-65.0,-20.0,0.0,-65.0,-60.0,-30.0,10.0,-45.0,-65.0,-25.0,20.0,-50.0,-55.0,-30.0,0.0
2018-11-11 17:39:39.964332|5.95113465675,-7.84516170293|-55.0,-65.5,-19.5,0.0,-64.5,-60.0,-30.5,11.0,-45.5,-65.5,-25.0,19.0,-49.5,-56.0,-30.5,0.0
2018-11-11 17:39:40.020174|-9.80501187913,-5.34394685725|-55.0,-66.0,-19.0,0.0,-64.0,-60.0,-31.0,12.0,-46.0,-66.0,-25.0,18.0,-49.0,-57.0,-31.0,0.0
2018-11-11 17:39:40.076299|4.20371608798,-4.31581139123|-55.0,-66.5,-18.5,0.0,-63.5,-60.0,-31.5,13.0,-46.5,-66.5,-25.0,17.0,-48.5,-58.0,-31.5,0.0
2018-11-11 17:39:40.132307|-6.77986350697,1.29756341828|-55.0,-67.0,-18.0,0.0,-63.0,-60.0,-32.0,14.0,-47.0,-67.0,-25.0,16.0,-48.0,-59.0,-32.0,0.0
2018-11-11 17:39:40.188320|0.304909620186,-5.21715935439|-55.0,-67.5,-17.5,0.0,-62.5,-60.0,-32.5,15.0,-47.5,-67.5,-25.0,15.0,-47.5,-60.0,-32.5,0.0
2018-11-11 17:39:40.244338|-7.23246601448,-0.92525827965|-55.0,-68.0,-17.0,0.0,-62.0,-60.0,-33.0,16.0,-48.0,-68.0,-25.0,14.0,-47.0,-61.0,-33.0,0.0
2018-11-11 17:39:40.300301|1.24664288485,-8.58651636531|-55.0,-68.5,-16.5,0.0,-61.5,-60.0,-33.5,17.0,-48.5,-68.5,-25.0,13.0,-46.5,-62.0,-33.5,0.0
2018-11-11 17:39:40.356385|-8.11581815454,-3.38548063703|-55.0,-69.0,-16.0,0.0,-61.0,-60.0,-34.0,18.0,-49.0,-69.0,-25.0,12.0,-46.0,-63.0,-34.0,0.0
2018-11-11 17:39:40.412372|-9.14771040436,3.33800085057|-55.0,-69.5,-15.5,0.0,-60.5,-60.0,-34.5,19.0,-49.5,-69.5,-25.0,11.0,-45.5,-64.0,-34.5,0.0
2018-11-11 17:39:40.468538|-2.83831582668,1.49340861559|-55.0,-70.0,-15.0,0.0,-60.0,-60.0,-35.0,20.0,-50.0,-70.0,-25.0,10.0,-45.0,-65.0,-35.0,0.0
2018-11-11 17:39:40.524768|0.232680630893,-11.982929662|-55.0,-70.5,-14.5,0.0,-59.5,-60.0,-35.5,21.0,-50.5,-70.5,-25.0,9.0,-44.5,-66.0,-35.5,0.0
2018-11-11 17:39:40.580768|-4.39890425873,-8.02406386864|-55.0,-71.0,-14.0,0.0,-59.0,-60.0,-36.0,22.0,-51.0,-71.0,-25.0,8.0,-44.0,-67.0,-36.0,0.0
2018-11-11 17:39:40.636982|2.35231412109,-7.86851576493|-55.0,-71.5,-13.5,0.0,-58.5,-60.0,-36.5,23.0,-51.5,-71.5,-25.0,7.0,-43.5,-68.0,-36.5,0.0
2018-11-11 17:39:40.693095|1.91261815856,0.869243783425|-55.0,-72.0,-13.0,0.0,-58.0,-60.0,-37.0,24.0,-52.0,-72.0,-25.0,6.0,-43.0,-69.0,-37.0,0.0
2018-11-11 17:39:40.749056|-0.830406994424,-3.13855263769|-55.0,-72.5,-12.5,0.0,-57.5,-60.0,-37.5,25.0,-52.5,-72.5,-25.0,5.0,-42.5,-70.0,-37.5,0.0
2018-11-11 17:39:40.805170|-7.14430504112,-10.7765963726|-55.0,-73.0,-12.0,0.0,-57.0,-60.0,-38.0,26.0,-53.0,-73.0,-25.0,4.0,-42.0,-71.0,-38.0,0.0
2018-11-11 17:39:40.861187|-0.966722060575,1.3128850265|-55.0,-73.5,-11.5,0.0,-56.5,-60.0,-38.5,27.0,-53.5,-73.5,-25.0,3.0,-41.5,-72.0,-38.5,0.0
2018-11-11 17:39:40.917255|-0.446518868958,-10.6586441327|-55.0,-74.0,-11.0,0.0,-56.0,-60.0,-39.0,28.0,-54.0,-74.0,-25.0,2.0,-41.0,-73.0,-39.0,0.0
2018-11-11 17:39:40.973245|-2.09302146796,-1.61867658757|-55.0,-74.5,-10.5,0.0,-55.5,-60.0,-39.5,29.0,-54.5,-74.5,-25.0,1.0,-40.5,-74.0,-39.5,0.0
2018-11-11 17:39:41.029264|-1.83767195207,-1.14489087069|-55.0,-75.0,-10.0,0.0,-55.0,-60.0,-40.0,30.0,-55.0,-75.0,-25.0,0.0,-40.0,-75.0,-40.0,0.0
